MultiPolygon (((400000 653913.86529999971389771, 397934.59370000008493662 657548.26039999909698963, 394698.79669999983161688 655530.99569999985396862, 394724.90060000028461218 652080.20360000059008598, 393343.80339999962598085 651842.60160000063478947, 392712.50380000006407499 649493.80379999987781048, 391056.10400000028312206 649560.80470000021159649, 390640.50349999964237213 647759.30040000006556511, 389009.59740000031888485 647282.69669999927282333, 389589.70339999999850988 645856.39499999955296516, 386347.20120000001043081 642512.20229999907314777, 386356.09759999997913837 641215.9034000001847744, 384470.69950000010430813 639874.397299999371171, 385346.10240000020712614 638635.10209999978542328, 380853.30260000005364418 639320.59589999914169312, 378943.7959000002592802 637708.69739999994635582, 379676.79839999973773956 637002.2994999997317791, 380665.80169999971985817 637299.40450000017881393, 380191.29839999973773956 636364.70199999958276749, 381875.30269999988377094 634500.39570000022649765, 381891.00129999965429306 631888.60319999977946281, 384939.39819999970495701 629130.2028999999165535, 385645.49700000043958426 623996.20250000059604645, 387293.50339999981224537 621767.70040000043809414, 387371.89740000013262033 620178.89509999938309193, 389634.00409999955445528 619406.59630000032484531, 388206.00079999957233667 618712.80489999987185001, 387771.79930000007152557 616763.60280000045895576, 385461.5992000000551343 614972.09549999982118607, 383607.30140000022947788 615480.00009999983012676, 380262.99749999959021807 612584.09909999929368496, 378846.90000000037252903 612748.60199999995529652, 378252.00229999981820583 611761.60449999943375587, 379187.80030000023543835 609745.80159999988973141, 378155.99679999984800816 608840.40069999918341637, 378704.40060000028461218 608184.3984999991953373, 376070.49930000025779009 606192.29869999922811985, 374764.00339999981224537 606094.09679999947547913, 373788.70339999999850988 607290.70429999940097332, 369956.49789999984204769 606849.80049999989569187, 367084.8009000001475215 603343.10429999977350235, 364622.00109999999403954 602784.10429999977350235, 363691.80159999988973141 600458.00009999983012676, 361400.598000000230968 598959.79910000041127205, 360273.20139999967068434 596629.59610000066459179, 358992.60319999977946281 596399.00210000015795231, 361224.79679999966174364 594942.09909999929368496, 360028.60340000037103891 594692.00070000067353249, 359931.99600000027567148 592345.30250000022351742, 357677.79629999957978725 592130.6039000004529953, 356180.30360000021755695 588517.39809999987483025, 355295.79810000024735928 586770.79820000007748604, 350067.29980000015348196 583327.80370000004768372, 347472.99959999974817038 582972.49540000036358833, 347321.00189999956637621 581474.30419999919831753, 345325.9031999995931983 579663.30269999988377094, 343536.29619999974966049 578178.79749999940395355, 342836.6039000004529953 576311.20209999941289425, 340043.00399999972432852 575366.102700000628829, 340285.59839999955147505 574300.79759999923408031, 338852.79650000017136335 573174.80000000074505806, 332959.49890000000596046 573650.1039000004529953, 332791.10170000046491623 573038.29900000058114529, 334533.29959999956190586 571807.50129999965429306, 332637.276999999769032 566669.23780000023543835, 332479.60329999960958958 565868.70119999907910824, 332363.60360000003129244 565897.10309999994933605, 331232.1990999998524785 564192.69999999925494194, 329424.60010000038892031 564641.19999999925494194, 328621.69900000002235174 563461.70030000060796738, 329083.99969999957829714 562169.10029999911785126, 327647.40029999986290932 562024.60009999945759773, 327709.10020000021904707 560553.80010000057518482, 331313.29820000007748604 560862.10419999994337559, 329415.97780000045895576 560000.02850000001490116, 328392.30169999971985817 559534.90599999949336052, 328366.03660000022500753 559550.71160000003874302, 327619.48500000033527613 559999.96240000054240227, 327445.03120000008493662 560104.94309999980032444, 326663.45390000008046627 560575.27119999937713146, 322966.29999999981373549 562800.09989999979734421, 321184.10039999987930059 562758.20060000009834766, 320000.01429999992251396 561887.16420000046491623, 318798.9031999995931983 561003.6039000004529953, 319041.5992000000551343 561662.69979999959468842, 317767.60070000030100346 561520.00009999983012676, 316623.57589999958872795 559999.96230000071227551, 315921.4007999999448657 559066.99919999949634075, 316232.99899999983608723 558203.29539999924600124, 318347.5026000002399087 557226.19519999995827675, 319681.59979999996721745 558070.19999999925494194, 320000.00250000040978193 557183.46890000067651272, 320034.28459999989718199 557087.99540000036358833, 320000.00250000040978193 557054.69050000049173832, 318866.5 555953.4988000001758337, 318295.30319999996572733 555982.40120000019669533, 317450.79989999998360872 556015.59979999996721745, 317844.80130000039935112 554109.09730000048875809, 316560.20019999984651804 555263.00029999949038029, 314174.90000000037252903 556547.90029999986290932, 314241.80030000023543835 556987.90320000052452087, 311712.69869999960064888 555240.59979999996721745, 310257.60010000038892031 553418.10019999928772449, 307679 546183.80010000057518482, 307489.69849999994039536 541106.09979999996721745, 306315.93620000034570694 540000.0260000005364418, 303014.09649999998509884 536888.59669999964535236, 303835.40020000003278255 536291.90120000019669533, 302979.28540000040084124 536806.88929999992251396, 302584.85219999961555004 535849.04629999957978725, 302166.80020000040531158 534117.50019999966025352, 299999.98940000031143427 531279.0897000003606081, 298685.89979999978095293 529557.69979999959468842, 298153.59999999962747097 529717.99919999949634075, 298967.79999999981373549 525250.29930000007152557, 298506.29279999993741512 523971.67469999939203262, 297633.70430000033229589 520000.03619999997317791, 297267.7997000003233552 518334.5994000006467104, 296749.84580000024288893 518652.73069999925792217, 296263.57369999960064888 516981.87659999914467335, 296084.89769999962300062 516254.20319999940693378, 293994.99909999966621399 514187.2000999990850687, 300000.00490000005811453 506146.80179999954998493, 302132.20000000018626451 503291.9005999993532896, 304016.77290000021457672 500000.00469999946653843, 306791.79980000015348196 495152.69979999959468842, 308206.35439999960362911 496743.49789999984204769, 307561.89910000003874302 488572.29719999991357327, 309265.89759999979287386 485203.40139999985694885, 312551.00779999978840351 479999.99719999916851521, 313811.59979999996721745 478003.30040000006556511, 315309.60080000013113022 477739.09919999912381172, 316093.59979999996721745 478686.49679999984800816, 317686.2002999996766448 477908.19969999976456165, 319260.29989999998360872 479305.99990000016987324, 318885.46119999978691339 479999.97069999948143959, 318489.20129999984055758 480733.60060000047087669, 318312.39979999978095293 480124.79969999939203262, 317551.60089999996125698 480472.9988000001758337, 320000.01680000033229589 483134.12270000018179417, 320219.80020000040531158 483373, 320000.00250000040978193 484486.89149999991059303, 319054.90000000037252903 484130.19979999959468842, 320000.00250000040978193 484511.05169999971985817, 320420.49980000033974648 484680.50129999965429306, 320000.004700000397861 485268.44749999977648258, 319733.70349999982863665 485640.79619999974966049, 319962.27350000012665987 486704.92799999937415123, 320000.02520000003278255 486880.6851000003516674, 320151.80229999963194132 487587.29910000041127205, 320037 485611.50019999966025352, 321242.99990000016987324 484930.50019999966025352, 322028.50189999956637621 482115.29539999924600124, 323209.49980000033974648 483230.49640000052750111, 321717.78479999955743551 480152.39350000023841858, 321663.03969999961555004 480121.07340000011026859, 321451.39719999954104424 479999.99129999987781048, 320977.19900000002235174 479728.69950000010430813, 320825.09999999962747097 477334.80020000040531158, 320292.00100000016391277 477581.20329999923706055, 320653.10190000012516975 476425.70399999991059303, 319999.98550000041723251 476155.56550000049173832, 318024.80030000023543835 475338.60009999945759773, 318502.70010000001639128 473929.59979999996721745, 319312.29980000015348196 473920.10080000013113022, 318890.10190000012516975 468873.79580000042915344, 320000.00600000005215406 467115.75219999998807907, 320284.20150000043213367 466665.5977999996393919, 322023.20010000001639128 468255.40139999985694885, 323315.80030000023543835 465901.40010000020265579, 323018.09979999996721745 464971.09979999996721745, 323456.40010000020265579 465490.09999999962747097, 324785.30020000040531158 463816.40000000037252903, 323397.29989999998360872 465730.99990000016987324, 324942.07600000035017729 467013.08689999952912331, 327825.10140000004321337 469814.79629999957978725, 330828.49969999957829714 474540.40029999986290932, 330703.90020000003278255 477236.79979999922215939, 332765.46100000012665987 480000.02329999953508377, 332328.39719999954104424 478435.99860000051558018, 334666.92740000039339066 474982.61700000055134296, 334782.59729999955743551 473437.89919999986886978, 333864 471109.69999999925494194, 339235.40029999986290932 473241.49560000002384186, 339037.99990000016987324 474978.09989999979734421, 340000.00430000014603138 476441.24670000001788139, 341051.3006999995559454 478040.20069999992847443, 345145.29999999981373549 479190.40020000003278255, 343715.09989999979734421 477707.90010000020265579, 344133.70060000009834766 476250.10429999977350235, 343343.78899999987334013 476001.95509999990463257, 343679.99990000016987324 473751.40010000020265579, 345474.90010000020265579 473083.19989999942481518, 346501.8963000001385808 469951.89709999971091747, 348807.59999999962747097 471300.99990000016987324, 346020.49969999957829714 467435.5989999994635582, 346091.80009999964386225 466057.09999999962747097, 346837.12339999992400408 466861.53710000030696392, 346487.30130000039935112 466186, 344667.42480000015348196 464955.14259999990463257, 343161.31080000009387732 464827.1993000004440546, 342352.75820000004023314 464408.0073000006377697, 340759.79660000000149012 460781.70199999958276749, 340000 460239.94370000064373016, 339870.07930000033229589 460147.30609999969601631, 340000.0023999996483326 460144.45549999922513962, 340336.16000000014901161 460137.08009999990463257, 340000.00430000014603138 460067.37150000035762787, 339675.11710000038146973 459999.99970000050961971, 339658.71789999958127737 459996.59889999963343143, 339557.60020000021904707 459924.49890000000596046, 339999.98979999963194132 459510.23909999988973141, 340906.89680000022053719 458660.99909999966621399, 341224.6036999998614192 455378.69849999994039536, 342144.59590000007301569 455771.19620000012218952, 342329.90359999984502792 455181.19519999995827675, 342979.46509999968111515 456865.28209999948740005, 343694.00009999983012676 456766.80079999938607216, 345559.15780000016093254 457365.34559999965131283, 345508.49909999966621399 456151.49870000034570694, 343979.59999999962747097 456287.89990000054240227, 342432.70299999974668026 454029.30489999987185001, 342907.00019999966025352 453038.10850000008940697, 344660.60099999979138374 452474, 343549.10080000013113022 452401.60089999996125698, 342914.44550000037997961 451525.83129999972879887, 341910.4031999995931983 451729.90320000052452087, 342973.70270000025629997 450958.90359999984502792, 341999.98379999957978725 450624.35490000061690807, 341398.50030000042170286 450417.69849999994039536, 341895.64099999982863665 449870.22450000047683716, 340701.9988000001758337 449531.70229999907314777, 339999.98440000042319298 450344.48550000041723251, 339474.40000000037252903 450953.00009999983012676, 334478.69990000035613775 448511.10009999945759773, 333936.4973999997600913 445514.10219999961555004, 333911.49940000008791685 448528.90010000020265579, 331154.10020000021904707 447606.80040000006556511, 331199.20179999992251396 442677.8044000007212162, 331189.74349999986588955 442538.64990000054240227, 331017.19440000038594007 440000.03079999983310699, 330450.27060000039637089 431655.54299999959766865, 331588.99660000018775463 428373.79869999922811985, 335675.49619999993592501 426846.59579999931156635, 337981.47599999979138374 427065.20179999992251396, 337227.49700000043958426 426702.49709999933838844, 339999.9813000001013279 426625.46729999966919422, 340488.30030000023543835 426611.90010000020265579, 343580.00009999983012676 427208.99980000033974648, 343651.99949999991804361 427242.20119999907910824, 345511.51329999975860119 427817.39809999987483025, 345652.94309999980032444 427865.69849999994039536, 343702.39989999961107969 426878.80020000040531158, 344130.40490000043064356 426289.97089999914169312, 342831.92040000017732382 426682.03759999945759773, 339999.9813000001013279 426000.47619999945163727, 338776.00050000008195639 425705.90139999985694885, 339673.79920000024139881 424490.10009999945759773, 338187.60099999979138374 425799.90029999986290932, 337515.39850000012665987 424323.1993000004440546, 338463.15539999958127737 423493.89739999920129776, 337046.99610000010579824 423534.10410000011324883, 337931.59989999979734421 422643.30020000040531158, 336963.10869999974966049 422761.83669999986886978, 335946.90039999969303608 422183.10019999928772449, 336243.39969999995082617 422878.40069999918341637, 334100.94570000004023314 420000.01149999909102917, 331152.00030000042170286 416038.10029999911785126, 326936.79899999964982271 407476.80040000006556511, 327196.59690000023692846 405348.29969999939203262, 329030.10030000004917383 403304.80010000057518482, 329668.29980000015348196 404180.89990000054240227, 329456.09960000030696392 401426.90120000019669533, 329944.64429999981075525 399999.97049999982118607, 330960.6990999998524785 397032.30030000023543835, 331169.44450000021606684 396732.90320000052452087, 331946.01999999955296516 395744.84290000051259995, 331928.97489999979734421 395643.53209999948740005, 333086.10080000013113022 393983.9022000003606081, 333093.50839999970048666 393928.10029999911785126, 333501.29920000024139881 390856.19920000061392784, 335260.99980000033974648 387321.49980000033974648, 339999.97919999994337559 383562.91960000060498714, 341618.79980000015348196 382279.00019999966025352, 343190.00370000023394823 381503.39519999921321869, 344958.54849999956786633 381934.28260000050067902, 345044.79609999991953373 381955.2959000002592802, 347566.20000000018626451 380912.39990000054240227, 348303.10410000011324883 381654.30199999921023846, 347872.49980000033974648 382454.59979999996721745, 348271.89649999979883432 382026.89540000073611736, 349563.09879999980330467 383902.29910000041127205, 350955.24789999984204769 383701.78050000034272671, 350818.04229999985545874 383383.71279999986290932, 349947.6969999996945262 383229.80089999921619892, 349279.59970000013709068 381826.40259999968111515, 349965.06570000015199184 380018.08679999969899654, 349944.27219999954104424 380000.01149999909102917, 347521.90039999969303608 377894.29939999990165234, 345725.30099999997764826 379110.99980000033974648, 343698.80080000031739473 379221.50029999949038029, 344140.00040000025182962 378303.10050000064074993, 342945.90039999969303608 377001.10410000011324883, 343066.89979999978095293 377568.69969999976456165, 340076.60259999986737967 378160.4022000003606081, 340803.79980000015348196 377331.30000000074505806, 339999.973000000230968 377986.70700000040233135, 338224.20120000001043081 379434.59750000014901161, 338212.22559999953955412 379453.12580000050365925, 337858.7334000002592802 380000.0369000006467104, 333400.79999999981373549 386897.20030000060796738, 330935.70010000001639128 394520.89959999918937683, 320261.9976000003516674 388520.79649999924004078, 321157.09790000040084124 385940.39509999938309193, 325338.29999999981373549 381209.99990000016987324, 325699.54179999977350235 380000.03639999963343143, 326182.19880000036209822 378383.39809999987483025, 326538.91610000003129244 378682.84259999915957451, 326498.89989999961107969 377354.602700000628829, 327208.99749999959021807 376938.70179999992251396, 327644.30379999987781048 377431.60070000030100346, 327827.20390000008046627 376376.80260000005364418, 328267.27940000034868717 376193.66239999979734421, 327302.49650000035762787 376265.20470000058412552, 327909.39900000020861626 375490.39619999937713146, 326757.7040999997407198 375405.30059999972581863, 327080.03270000033080578 374540.60759999975562096, 327390.35010000038892031 374166.58990000002086163, 328146.90500000026077032 373768.07560000009834766, 330973.50279999990016222 373253.99660000018775463, 333460.40280000027269125 371444.30460000038146973, 338471.50360000040382147 366195.89699999988079071, 338075.60049999970942736 364211.50489999912679195, 333553.70390000008046627 362356.7959000002592802, 334590.8006999995559454 361944.80379999987781048, 335612.9985999995842576 359943.29680000059306622, 339169.29959999956190586 357658.30079999938607216, 341131.59939999971538782 358631.20229999907314777, 339686.50409999955445528 355359.79869999922811985, 341436.8974999999627471 354167.90000000037252903, 341030.49849999975413084 353379.59549999982118607, 342363.29609999991953373 351835.59759999997913837, 341618.00030000042170286 351617.09999999962747097, 342504.50100000016391277 351121.30199999921023846, 341763.401999999769032 350140.60280000045895576, 342718.19649999961256981 349227.40420000068843365, 342341.60340000037103891 347629.00159999914467335, 343473.89759999979287386 347039.2005000002682209, 343988.39769999962300062 344750.39570000022649765, 346172.5968000004068017 343884.80350000038743019, 348530.70079999975860119 344444.90320000052452087, 349080.20110000018030405 343500.00349999964237213, 351298.69969999976456165 343127.00029999949038029, 350715.99650000035762787 341650.30299999937415123, 351448.10020000021904707 340216.1034999992698431, 351125.80080000031739473 336679.29600000008940697, 349317.50219999998807907 336623.00219999998807907, 346355.90099999960511923 333443.20229999907314777, 343580.39910000003874302 338688.8006999995559454, 340728.30049999989569187 339169.80299999937415123, 340474.89680000022053719 339828.30460000038146973, 337669.69610000029206276 338322.79549999907612801, 335609.9973999997600913 339739.59989999979734421, 334614.59590000007301569 341735.09879999980330467, 334130.09970000013709068 340652.8984999991953373, 332269.60159999970346689 340345.0965999998152256, 330518.40010000020265579 337397.40039999969303608, 327726.59769999980926514 336993.19620000012218952, 326427.90160000044852495 337547.19749999977648258, 325141.30109999980777502 333527.69820000045001507, 322891.60319999977946281 333139.29930000007152557, 323688.49660000018775463 332552.99709999933838844, 322540.70160000026226044 331874.10139999911189079, 324182.79619999974966049 330552.39980000071227551, 321771.19830000028014183 328408.70350000075995922, 322554.00090000033378601 327848.00400000065565109, 321391.99969999957829714 325274.50049999915063381, 321349.00169999990612268 323946.90049999952316284, 322359.40099999960511923 323823.7959000002592802, 321823.6039000004529953 322650.40169999934732914, 324672.70129999984055758 321252.00200000032782555, 326827.80360000021755695 322555.29900000058114529, 326472.20230000000447035 321567.10190000012516975, 327267.39730000030249357 319869.59769999980926514, 329409.59599999990314245 319963.50090000033378601, 329079.99969999957829714 319528.49540000036358833, 330000.50310000032186508 319705.50459999963641167, 330252.20010000001639128 318990.6993000004440546, 331465.40309999976307154 319380.0977999996393919, 331883.60080000013113022 318361.69940000027418137, 331129.49930000025779009 317635.49719999916851521, 333129.39659999962896109 316696.89589999988675117, 333159.59829999972134829 315590.80250000022351742, 334930.00250000040978193 315394.29869999922811985, 335175.69710000045597553 313632.90289999917149544, 334024.10120000038295984 313525.10380000062286854, 334075.59979999996721745 314774.29619999974966049, 332515.09829999972134829 314093.0011999998241663, 331185.2028999999165535 314648.70209999941289425, 331012.303999999538064 312600.19849999994039536, 329327.90400000009685755 310910.80220000073313713, 329874.69990000035613775 309134.70060000009834766, 328981.90000000037252903 306031.59879999980330467, 326776.09879999980330467 305388.60290000028908253, 328366.99980000033974648 304188.79619999974966049, 327457.99830000009387732 304006.59850000031292439, 326041.80190000031143427 301844.59740000031888485, 326300.49890000000596046 300746.70160000026226044, 324390.20069999992847443 299246.90090000070631504, 322893.79629999957978725 299265.49560000002384186, 324715.09740000031888485 294302.09640000015497208, 322969.60140000004321337 293515.00159999914467335, 323228.10059999953955412 292779.50219999998807907, 326472.49920000042766333 293512.0023999996483326, 326374.30049999989569187 295385.79609999991953373, 331364.69790000002831221 298001.59740000031888485, 332689.90189999993890524 295470.4017999991774559, 331980.39790000021457672 291800.20250000059604645, 330052.49639999959617853 292261.10060000047087669, 330232.40369999967515469 289759.39670000039041042, 324674.90270000044256449 289582.19739999994635582, 319932.20339999999850988 286876.00210000015795231, 318779.60159999970346689 287123.60109999962151051, 316114.50100000016391277 283442.90469999983906746, 317162.00299999956041574 281060.79649999924004078, 319908.69670000020414591 279696.19730000011622906, 321529.19749999977648258 277257.79509999975562096, 324494.69859999977052212 276040.70360000059008598, 327847.00030000042170286 272769.30010000057518482, 329236.40029999986290932 272313.80040000006556511, 333725.59700000006705523 273405.39800000004470348, 335069.50069999974220991 272770.49970000050961971, 334212.59970000013709068 270589.70399999991059303, 331879.40409999992698431 269766.69950000010430813, 331012.89769999962300062 265040.0023999996483326, 335295.00310000032186508 263902.79810000024735928, 333400.60140000004321337 262839.80230000056326389, 331456.00370000023394823 263375.19899999909102917, 329390.8963000001385808 262569.69959999993443489, 328530.10360000003129244 261856.30379999987781048, 328790.49909999966621399 260483.59669999964535236, 326818.99789999984204769 260284.30379999987781048, 326846.09939999971538782 257748.59970000013709068, 324779.59850000031292439 256626.30079999938607216, 325255.60230000037699938 254507.79729999974370003, 323321.50059999991208315 252276.49599999934434891, 324916.59839999955147505 251285.7994999997317791, 326049.09879999980330467 252193.59979999996721745, 326721.5 251374.40430000051856041, 325255.29729999974370003 250120.60309999994933605, 322357.70249999966472387 249453.40420000068843365, 321926.29609999991953373 248343.10199999995529652, 324435.7959000002592802 247064.99780000001192093, 324383.70370000042021275 245804.09869999997317791, 323198.50079999957233667 245574.40450000017881393, 322937.80030000023543835 242814.30460000038146973, 325311.00090000033378601 239685.69999999925494194, 325588.80179999954998493 238533.59979999996721745, 324673.69890000019222498 236599.60339999943971634, 326793.1990999998524785 232169.00180000066757202, 329597.40209999959915876 229251.79680000059306622, 330775.4976000003516674 225881.20160000026226044, 332939.10059999953955412 225891.69849999994039536, 333237.00289999973028898 223383.8965000007301569, 339743.19710000045597553 226508.40210000053048134, 341989.90209999959915876 225170.50510000064969063, 340811.30350000038743019 224293.59610000066459179, 342192.49969999957829714 224689.90249999985098839, 342576.99990000016987324 223386.09569999948143959, 347202.50389999989420176 220498.20250000059604645, 346471.19990000035613775 218872.8977000005543232, 349189.00289999973028898 215591.89690000005066395, 350528.39659999962896109 216946.89900000020861626, 350827.29660000000149012 215978.99599999934434891, 352060.29600000008940697 216474.80409999936819077, 352324.69859999977052212 215252.303999999538064, 354193.69730000011622906 215433.1022999994456768, 355272.70370000042021275 214366.79749999940395355, 354547.69900000002235174 213998.40289999917149544, 354627.40400000009685755 212654.9976000003516674, 353309.49700000043958426 211795.40359999984502792, 353902.49830000009387732 210836.49799999967217445, 353142.30360000021755695 208024.60300000011920929, 354352.59609999973326921 206341.20490000024437904, 353676.60010000038892031 204397.40130000002682209, 352612.79760000016540289 203746.99750000052154064, 353906.80219999980181456 200994.59530000016093254, 352840.6993000004440546 200430.39680000022053719, 353843.60379999969154596 199589.39760000072419643, 353618.0023999996483326 198240.10380000062286854, 354675.49749999959021807 197507.9034000001847744, 352621.1993000004440546 196264.59919999912381172, 354038.79739999957382679 196381.39589999988675117, 353024.9022000003606081 194524.79719999991357327, 353840.60259999986737967 194304.10050000064074993, 354639.30159999988973141 191757.49929999932646751, 354484.04920000024139881 191038.05389999970793724, 355803.64960000012069941 190291.98110000044107437, 355859.05819999985396862 190260.65430000051856041, 356618.99849999975413084 189831.00080000050365925, 354119.50050000008195639 186298.60139999911189079, 353370.54449999984353781 183051.0648999996483326, 353346.60470000002533197 183017.03060000017285347, 353335.38140000030398369 182996.57780000008642673, 353325.27259999979287386 182981.30020000040531158, 353311.59939999971538782 182965.49599999934434891, 353303.15110000036656857 182948.90029999986290932, 353275.31680000014603138 182903.32149999961256981, 353189.47329999972134829 182753.22479999996721745, 353176.17320000007748604 182726.47629999928176403, 353160.85869999974966049 182703.59889999963343143, 353137.65820000041276217 182658.0153999999165535, 353125.7997000003233552 182644.50039999932050705, 353112.0210999995470047 182625.4188000001013279, 353106.70150000043213367 182605.8489999994635582, 353087.30960000026971102 182584.82679999992251396, 353071.66519999969750643 182549.37030000053346157, 353061.79879999998956919 182536.1988999992609024, 353051.94309999980032444 182510.70439999923110008, 353033.80279999971389771 182489.15249999985098839, 353025.10039999987930059 182472.09759999997913837, 353008.19770000036805868 182444.89499999955296516, 352997.99849999975413084 182434.49799999967217445, 352989.70399999991059303 182421.90159999951720238, 352966.34989999979734421 182385.60139999911189079, 352949.7017000000923872 182360.33259999938309193, 352938.90539999958127737 182340.62759999930858612, 352924.26410000026226044 182311.58330000005662441, 352916.0014000004157424 182291.99890000000596046, 352897.01099999994039536 182261.6919999998062849, 352890.13059999980032444 182246.9493000004440546, 352861.17030000034719706 182202.54409999959170818, 352858.24890000000596046 182182.50009999983012676, 352840.90270000044256449 182126.35190000012516975, 352869.04989999998360872 182071.9017999991774559, 352890.57050000037997961 182035.56660000048577785, 352900.51889999955892563 182016.01889999955892563, 352886.26640000008046627 182018.2982999999076128, 352870.52740000002086163 182043.62719999998807907, 352857.94110000040382147 182062.66139999963343143, 352804.49990000016987324 182080.0011999998241663, 352790.78859999962151051 182078.95639999955892563, 352782.55109999980777502 182063.25149999931454659, 352751.30219999980181456 182029.35410000011324883, 352748.70089999958872795 182013.29859999939799309, 352740.2926000002771616 182001.50659999996423721, 352724.78830000013113022 181986.30269999988377094, 352718.30130000039935112 181971.30059999972581863, 352701.29999999981373549 181939.79959999956190586, 352692.33189999964088202 181920.25109999999403954, 352679.30219999980181456 181900.60089999996125698, 352653.35089999996125698 181859.65259999968111515, 352641.82160000037401915 181846.21859999932348728, 352617.32679999992251396 181802.42459999956190586, 352602.07610000018030405 181780.47140000015497208, 352588.55269999988377094 181754.55250000022351742, 352559.54440000001341105 181706.23719999939203262, 352539.03179999999701977 181687.59960000030696392, 352524.99590000044554472 181672.69620000012218952, 352503.49959999974817038 181623.22479999996721745, 352494.85240000020712614 181607.9017999991774559, 352466.75490000005811453 181529.75359999947249889, 352448.74990000016987324 181488.14929999969899654, 352438.84889999963343143 181459.24789999984204769, 352437.30140000022947788 181424.59720000065863132, 352434.22140000015497208 181407.36160000041127205, 352436.19849999994039536 181389.69849999994039536, 352399.29989999998360872 181385.89819999970495701, 352158.60170000046491623 181062.10060000047087669, 352036.79760000016540289 180867.99650000035762787, 352025.60080000013113022 180855.2000999990850687, 351951.89950000029057264 180764.79790000058710575, 351918.83050000015646219 180717.11999999918043613, 351903.47119999956339598 180702.5636999998241663, 351875.89800000004470348 180647.21499999985098839, 351862.79810000024735928 180622.79690000042319298, 351301.09190000034868717 179999.98790000006556511, 350242.10219999961555004 178825.80059999972581863, 352554.70280000008642673 175948.1046999990940094, 349479.37909999955445528 178332.20360000059008598, 349390.50399999972432852 178401.102700000628829, 349237.46939999982714653 177312.61299999989569187, 348976.51260000001639128 177339.36140000075101852, 346399.31909999996423721 177583.7982999999076128, 346377.36029999982565641 177572.8068000003695488, 341717.81280000042170286 173773.24320000037550926, 340991.40000000037252903 173180.89990000054240227, 340768.8821000000461936 172776.97619999945163727, 339999.99700000043958426 171381.26390000060200691, 338436.70120000001043081 168543.50430000014603138, 336275.49969999957829714 166716.59999999962747097, 334749.60080000013113022 166197.09999999962747097, 334723.7724999999627471 166794.82689999975264072, 332543.48709999956190586 166196.62989999912679195, 331849.69710000045597553 165942.89880000054836273, 333074.79779999982565641 165313.9988000001758337, 333122.99940000008791685 164405.29939999990165234, 332745.39940000046044588 163182.99980000033974648, 330831.09999999962747097 162391.40029999986290932, 331654.29739999957382679 161624.60490000061690807, 331228.19309999980032444 159999.97350000031292439, 330821.80190000031143427 158450.50329999998211861, 330421.77280000038444996 158572.76369999907910824, 327919.5992000000551343 159337.49980000033974648, 329616.80009999964386225 158444.60009999945759773, 328806.39989999961107969 152339.00009999983012676, 330277.59989999979734421 149685.2000999990850687, 330422.0977999996393919 147834.30220000073313713, 328427.70010000001639128 144355.19920000061392784, 326637.10030000004917383 143621.09979999996721745, 327945.70010000001639128 144435.90039999969303608, 328911.0011999998241663 147080.79930000007152557, 326478.61440000031143427 145720.88299999944865704, 326425.6993000004440546 145691.29900000058114529, 324916.09979999996721745 145233.19979999959468842, 321461.29980000015348196 146380.69940000027418137, 320000.02060000039637089 146201.18930000066757202, 319558.90000000037252903 146147, 310818.59949999954551458 143034.29759999923408031, 302103.19940000027418137 143511.70040000043809414, 299999.9857999999076128 145533.38120000064373016, 298974.09900000039488077 146519.49870000034570694, 297387.40299999993294477 146462.80489999987185001, 295620.49980000033974648 148239.90010000020265579, 292385.29760000016540289 149260.00420000031590462, 289867.5011999998241663 149291.19999999925494194, 286964.10350000020116568 147639.5989999994635582, 286886.84449999965727329 147713.75999999977648258, 286825 147680.57010000012814999, 286042.80080000031739473 148454.18349999934434891, 280000.02850000001490116 149611.05939999967813492, 279973.60570000018924475 149616.1181000005453825, 279957.50050000008195639 149619.20140000060200691, 276550.90000000037252903 150209.10019999928772449, 275389.30970000009983778 151185.37509999983012676, 273703.57000000029802322 149673.38010000064969063, 273628.04150000028312206 149684.15210000053048134, 273481.79669999983161688 149557.19989999942481518, 270709.75970000028610229 150017.8915999997407198, 270668.33899999968707561 150002.74569999985396862, 267979.39730000030249357 148880.90259999968111515, 266012.44500000029802322 149698.89450000040233135, 265639.55460000038146973 149841.98399999924004078, 264012.78120000008493662 148886.52639999985694885, 263616.21999999973922968 148633.10999999940395355, 263577.88289999961853027 148631.09630000032484531, 263339.70249999966472387 148491.20509999990463257, 259999.99890000000596046 148365.75369999930262566, 258459.77099999971687794 148307.89719999954104424, 258381.68099999986588955 148241.16449999995529652, 257683.99990000016987324 147251.90020000003278255, 254264.2994999997317791 148545.19940000027418137, 254014.19660000037401915 148464.11849999986588955, 253547.09999999962747097 147834.50009999983012676, 252420.88460000045597553 147947.58310000039637089, 248017.77639999985694885 146520.14020000025629997, 247976.78000000026077032 146501.64010000042617321, 247971.95770000014454126 146502.6813999991863966, 247949.49720000009983778 146498.00469999946653843, 247675.02979999966919422 146566.8044000007212162, 246280.17870000004768372 146868.02859999984502792, 245552.99380000028759241 145761.70370000042021275, 244322.19799999985843897 145623.70509999990463257, 245517.79779999982565641 144444.80250000022351742, 245029.59979999996721745 141349.99909999966621399, 244546.70010000001639128 140684.00019999966025352, 241911.17109999991953373 140614.22819999977946281, 242042.1792000001296401 140491.86739999987185001, 242730.87660000007599592 139999.97739999927580357, 243426.70150000043213367 139502.99679999984800816, 243312.37449999991804361 138140.15020000003278255, 243565.86579999979585409 138014.19299999997019768, 244541.09609999973326921 137739.70179999992251396, 244938.79660000000149012 132972.89619999937713146, 246632.59979999996721745 131796.80030000023543835, 247322.55480000004172325 133162.56100000068545341, 249540.34850000031292439 133853.61270000040531158, 247315.85929999966174364 132134.02930000051856041, 247056.17789999954402447 130036.92799999937415123, 246052.59669999964535236 131133.90689999982714653, 245981.75729999970644712 131090.21150000020861626, 245187.65099999960511923 130445.09510000050067902, 245535.49820000026375055 130814.9488999992609024, 245203.28249999973922968 130610.03079999983310699, 244785.97649999987334013 131693.02510000020265579, 244676.23259999975562096 131812.49019999988377094, 243190.69990000035613775 129282.69999999925494194, 241770.20010000001639128 128902.39959999918937683, 240000.00930000003427267 126513.36109999939799309, 238662.59929999988526106 124708.40120000019669533, 238252.85230000037699938 124567.5494999997317791, 238190.40000000037252903 124479.90010000020265579, 237185.96090000029653311 124200.80279999971389771, 235671.20019999984651804 123680.09979999996721745, 232330.30049999989569187 124409.09889999963343143, 229998.93549999967217445 126576.58009999990463257, 229959.8139000004157424 126611.51909999921917915, 222961.29999999981373549 127805.50019999966025352, 222860.19390000030398369 127591.69879999943077564, 222244.99839999992400408 124222.52099999971687794, 222231.29650000017136335 121495.30159999988973141, 221518.30030000023543835 120000.02520000003278255, 221446.49419999960809946 119849.43520000018179417, 221076.93240000028163195 117825.49440000019967556, 221168.91339999996125698 117460.97479999996721745, 221181.70019999984651804 117410.3011000007390976, 219999.99849999975413084 115623.35899999924004078, 219407.70079999975860119 114727.69999999925494194, 219568.79100000020116568 113022.28280000016093254, 219999.98510000016540289 110505.5397999994456768, 220004.82000000029802322 110477.32010000012814999, 219999.98510000016540289 110408.54040000028908253, 219921.34740000031888485 109289.86659999936819077, 220000.01950000040233135 108456.98670000024139881, 220113.19799999985843897 107258.79690000042319298, 220751.10020000021904707 106466.89990000054240227, 220000.01290000043809414 106375.93200000002980232, 219904.80020000040531158 106364.40029999986290932, 219435.1990999998524785 101077.79979999922215939, 217767.52979999966919422 99999.99540000036358833, 214945.55559999961405993 98176.17070000059902668, 214284.58370000030845404 97330.71609999984502792, 214211.90010000020265579 96795.09979999996721745, 213851.28230000007897615 96776.47690000012516975, 213805.79999999981373549 96718.30010000057518482, 213162.21490000002086163 96740.89230000041425228, 212848.69849999994039536 96724.70179999992251396, 212699.49980000033974648 94093.69999999925494194, 210789.241499999538064 92855.06240000016987324, 210784.6344999996945262 92820.71380000002682209, 210806.09960000030696392 91914.30020000040531158, 207630.0707999998703599 90744.58249999955296516, 207524.71999999973922968 90703.16999999992549419, 207218.91999999992549419 89550.86999999918043613, 206990.78579999972134829 89633.90249999985098839, 206840.19979999959468842 89330.09999999962747097, 206430.82830000016838312 89837.7061999998986721, 206276.23599999956786633 89893.97199999913573265, 204759.20000000018626451 89225.00009999983012676, 204752.34049999993294477 89174.3136999998241663, 204959.432799999602139 87374.35309999994933605, 205088.89950000029057264 87317.09919999912381172, 204134.89620000030845404 83963.90489999949932098, 202704.14560000039637089 81998.2443000003695488, 202626.5 81821.30010000057518482, 202557.85360000003129244 81797.25860000029206276, 202227.7971000000834465 81343.80489999987185001, 199999.98039999976754189 80851.0369000006467104, 199620.50150000024586916 80767.10029999911785126, 199222.23790000006556511 81034.69040000066161156, 196976.22229999955743551 81229.72470000013709068, 197123.29629999957978725 80516.40200000070035458, 196181.54820000007748604 79999.98870000056922436, 195844.1993000004440546 79815.00129999965429306, 194885.0909000001847744 80000.01960000023245811, 194214.40010000020265579 80129.40020000003278255, 193743.23300000000745058 80916.63489999994635582, 193328.39769999962300062 81132.20480000041425228, 192311.50019999966025352 80471.59989999979734421, 192813.61620000004768372 79999.97699999995529652, 193666.70010000001639128 79198.7000999990850687, 192514.00019999966025352 77964.89990000054240227, 192783.49980000033974648 75767.00019999966025352, 193789.74509999994188547 74698.67310000024735928, 192384.39890000037848949 74130.39990000054240227, 192142.80009999964386225 76276.39990000054240227, 191151.90070000011473894 77095.10070000030100346, 191549.60190000012516975 78529.50049999915063381, 189583.79800000041723251 77334.20270000025629997, 188685.59860000014305115 75637.39959999918937683, 184982.12390000000596046 76584.82220000028610229, 185806.19959999993443489 75358.09909999929368496, 185582.69880000036209822 74182.25769999995827675, 185611.62000000011175871 74066.5601000003516674, 185350.77120000030845404 72676.19309999980032444, 185886.99639999959617853 72080.99679999984800816, 184020.70010000001639128 70879.90020000003278255, 184952.80150000005960464 69798.99990000016987324, 184083.19620000012218952 64903.80079999938607216, 183105.7002999996766448 63144.90029999986290932, 181028.69790000002831221 61785.40350000001490116, 180005.9540999997407198 62962.09109999984502792, 179999.9715999998152256 62966.00200000032782555, 179922.76229999959468842 63016.47419999912381172, 179758.90180000010877848 61678.50349999964237213, 178885.76580000016838312 61532.05059999972581863, 178479.20339999999850988 61427.70490000024437904, 179204.30030000023543835 61175, 177962.20019999984651804 60679.90090000070631504, 177418.61029999982565641 61155.49960000067949295, 177305.39460000023245811 61126.44229999929666519, 177260.20110000018030405 60404.69950000010430813, 176429.89960000012069941 60876.90359999984502792, 176446.57419999968260527 60737.34070000052452087, 176587.40350000001490116 60000.0267999991774559, 176590.88700000010430813 59981.78910000063478947, 176541.7594999996945262 59940.65990000031888485, 176648.40020000003278255 59048.09979999996721745, 176060.48830000031739473 59117.53119999915361404, 175940.24890000000596046 58515.0669999998062849, 176364.90029999986290932 57559.90010000020265579, 175712.29889999981969595 54338.90489999949932098, 173805.07299999985843897 53811.49970000050961971, 173722.01219999976456165 53785.20119999907910824, 172262.49969999957829714 51639.79900000058114529, 169870.36749999970197678 51504.66829999908804893, 169688.65000000037252903 49535.46010000072419643, 169261.1294999998062849 48846.4789000004529953, 169112.79980000015348196 48054.19969999976456165, 168604.10020000021904707 47787.62710000015795231, 168469.70000000018626451 47571.03099999949336052, 166313.36579999979585409 46363.28439999930560589, 165656.30009999964386225 45306.90020000003278255, 164682.19639999978244305 45436.60319999977946281, 163587.56240000016987324 44241.45570000074803829, 162988.6969999996945262 43562.34510000050067902, 162959.15620000008493662 43555.34669999964535236, 162777.39869999978691339 43356.89949999935925007, 160000.01269999984651804 42802.27500000037252903, 159904.99969999957829714 42783.30159999988973141, 159250.8406999995931983 43697.09080000035464764, 159164.86299999989569187 43675.50459999963641167, 157974.30030000023543835 43343.19999999925494194, 157954.27280000038444996 43113.62189999967813492, 157932.21800000034272671 41923.93999999947845936, 157841.12189999967813492 41816.55790000036358833, 157792.50019999966025352 41259.19989999942481518, 156658.9813000001013279 39999.98900000005960464, 154969.79989999998360872 38123.5, 154806.09869999997317791 38251.90010000020265579, 152526.79999999981373549 39069.09999999962747097, 152367.03089999966323376 40000.01850000023841858, 152345.70000000018626451 40124.30590000003576279, 152064.08249999955296516 41161.8068000003695488, 151427.50210000015795231 40794.30199999921023846, 150781.09790000040084124 41235.57239999994635582, 147879.73880000039935112 41149.66440000012516975, 147653.20019999984651804 41128.30010000057518482, 146136.2357999999076128 39999.98029999993741512, 143785.5 38251.50070000067353249, 143109.49689999967813492 38788.59630000032484531, 142381.47589999996125698 37868.93090000003576279, 141023.99000000022351742 36121.99010000005364418, 140998.20720000006258488 36121.53009999915957451, 140941.89979999978095293 36050.40029999986290932, 139999.97939999960362911 36049.05299999937415123, 137796.50320000015199184 36045.90139999985694885, 134935.00279999990016222 31856.99090000055730343, 134996.8951000003144145 31624.2090000007301569, 136270.7959000002592802 27661.80130000039935112, 136055.57839999999850988 27434.03390000015497208, 134304.39259999990463257 24810.18490000069141388, 134356.07270000036805868 24633.61400000005960464, 135635.23039999976754189 23696.91909999959170818, 135782.09999999962747097 23638.29969999939203262, 136965.32320000045001507 21590.39100000075995922, 138528.51709999982267618 22158.25439999997615814, 138898.00019999966025352 22346.7000999990850687, 139734.29870000015944242 21878.79649999924004078, 139999.96600000001490116 22123.64919999986886978, 141023.3974999999627471 23066.89660000056028366, 143265.5835999995470047 22999.34280000068247318, 144035.23660000041127205 22982.6330999992787838, 146629.79999999981373549 24945.09879999980330467, 147370.60219999961555004 26916.70460000075399876, 147085.08870000019669533 27478.66119999997317791, 146342.65000000037252903 28830.80010000057518482, 146384.83399999979883432 28856.92439999990165234, 146324.99980000033974648 28974.69189999997615814, 147654.1993000004440546 29758.50109999999403954, 147813.40020000003278255 30863.79910000041127205, 151114.1990999998524785 31090.40020000003278255, 152295.56780000030994415 30301.70810000039637089, 152534.5669999998062849 30486.04199999943375587, 154061.57129999995231628 29122.7085999995470047, 154513.49650000035762787 28820.99939999915659428, 154547.74670000001788139 28688.6436999998986721, 154860.2900000000372529 28409.59999999962747097, 154829.35360000003129244 27600.40699999965727329, 154852.80030000023543835 27509.80030000023543835, 157565.90039999969303608 28111.90139999985694885, 159529.60120000038295984 26412.19959999993443489, 159622.12889999989420176 26425.30049999989569187, 159999.98649999964982271 26518.72859999909996986, 160755.59999999962747097 26705.5601000003516674, 160951.95820000022649765 26613.5897000003606081, 161275.5011999998241663 26659.39990000054240227, 162868.10030000004917383 25835.59979999996721745, 165346.89670000039041042 22550.00329999998211861, 165157.61940000019967556 21213.75620000064373016, 165158.22200000006705523 21064.35529999993741512, 166469.92250000033527613 20000.02500000037252903, 166527.99969999957829714 19952.90029999986290932, 166824.7698999997228384 18780.97719999961555004, 166845.55599999986588955 18755.10710000060498714, 166836.34329999983310699 18735.27500000037252903, 166876.49990000016987324 18576.69979999959468842, 166000.76370000001043081 16936.52549999952316284, 165899.22059999965131283 16717.93400000035762787, 166540.17339999973773956 15805.8311999998986721, 167477.5 14519, 167469.12349999975413084 14483.89619999937713146, 167558.29629999957978725 14356.99970000050961971, 167353.71349999960511923 13508.6967999991029501, 167787.66160000022500753 13350.64880000054836273, 169246.39910000003874302 12885.60050000064074993, 169270.96069999970495701 12720.47089999914169312, 169912.7627999996766448 11512.59479999914765358, 170670.90029999986290932 11435.19999999925494194, 171651.10340000037103891 11886.49679999984800816, 171459.99980000033974648 13064.70030000060796738, 173193.80379999987781048 16323.49679999984800816, 176378.70019999984651804 16795.79930000007152557, 177864.59889999963343143 16172.19989999942481518, 178650.59999999962747097 17420.50139999948441982, 178280.39969999995082617 18588.09979999996721745, 178373.35439999960362911 18633.59259999915957451, 178372.38999999966472387 18637.10999999940395355, 178470.94689999986439943 18673.26129999943077564, 179999.99579999968409538 19356.64179999940097332, 180329.69809999968856573 19503.99640000052750111, 180553.82689999975264072 20000, 181205.6039000004529953 21442.40149999968707561, 180566.99920000042766333 23122.70060000009834766, 180000.00729999970644712 23230.79820000007748604, 179724.10089999996125698 23283.40000000037252903, 180000.00160000007599592 24849.61820000037550926, 180051.99990000016987324 25144.79959999956190586, 180000.00779999978840351 25150.22699999995529652, 179309.06969999987632036 25222.35129999928176403, 178434.553999999538064 25211.1851000003516674, 178506.2227999996393919 25306.15750000067055225, 178049.79860000032931566 25353.80179999954998493, 178831.10790000017732382 25736.68099999986588955, 177919.38949999958276749 26185.36759999953210354, 176339.62829999998211861 26372.89330000057816505, 173192.32730000000447035 26032.22949999943375587, 174227.20399999991059303 26360.41799999959766865, 173786.14400000032037497 26470.82799999974668026, 173580.24199999962002039 26651.88709999993443489, 173794.85269999969750643 27177.55309999920427799, 174086.4457999998703599 26626.44820000045001507, 174268.36359999980777502 26618.76280000060796738, 175099.54729999974370003 26697.77219999954104424, 175250.77099999971687794 27746.41410000063478947, 175463.33999999985098839 27477.87680000066757202, 175529.17679999954998493 27623.6517999991774559, 175997.00200000032782555 26803.70399999991059303, 178802.76250000018626451 27055.82310000061988831, 179762.7017000000923872 27822.0953999999910593, 179123.47740000020712614 29648.24789999984204769, 179130.63630000036209822 29658.19280000030994415, 179129.40000000037252903 29661.40010000020265579, 179136.27599999960511923 29665.77160000056028366, 179999.99039999954402447 30750.95500000007450581, 180289.99820000026375055 31115.80250000022351742, 180308.13599999994039536 31126.02859999984502792, 180279.90000000037252903 31211.44999999925494194, 181860.7417000001296401 32002.34610000066459179, 181972.50179999973624945 32064.4010000005364418, 182732.78500000014901161 31541.78299999982118607, 182754.33279999997466803 31530.40269999951124191, 182291.29200000036507845 32863.89010000042617321, 181177.59999999962747097 32513.15010000020265579, 181079.44560000021010637 32703.55489999987185001, 181036.29989999998360872 32697.59979999996721745, 180312.20210000034421682 34009.00439999997615814, 180426.33910000044852495 33970.48279999941587448, 180319.87660000007599592 34177.00400000065565109, 181237.10929999966174364 33696.84579999931156635, 181816.5 33501.30010000057518482, 182470.03170000016689301 34621.85899999924004078, 181644.86060000024735928 36925.79499999992549419, 181681.55719999969005585 36960.26209999993443489, 183475.29999999981373549 38816.19999999925494194, 183466.75 39152.44999999925494194, 183775.10649999976158142 38822.41809999942779541, 184058.53770000021904707 39468.57269999943673611, 184020.1889000004157424 40263.49919999949634075, 184042.51059999968856573 40272.23640000075101852, 184040.45000000018626451 40346.5, 184924.84999999962747097 40617.59999999962747097, 184666.35290000028908253 42670.71189999952912331, 185094.33990000002086163 40693.30120000056922436, 185698.8184000002220273 40726.42219999991357327, 184384.40000000037252903 40211.46010000072419643, 184344.7040999997407198 39999.98359999991953373, 184276.40000000037252903 39636.09999999962747097, 184382.20000000018626451 38983.5, 184108.62000000011175871 38156.99010000005364418, 183614.13999999966472387 38293.44999999925494194, 184089.09970000013709068 35735.20040000043809414, 184120.86849999986588955 35741.69309999980032444, 184853.29999999981373549 36144.85999999940395355, 183873.14529999997466803 33089.16550000011920929, 186138.09619999956339598 33430.40000000037252903, 185499.76999999955296516 32173.25999999977648258, 184532.35659999959170818 32021.44019999913871288, 184494.62009999994188547 31988.32819999940693378, 185084.22489999979734421 30941.46949999965727329, 187077.30020000040531158 32232.00149999931454659, 187821.10309999994933605 35969.80260000005364418, 189167.60379999969154596 37844.49650000035762787, 190773.20010000001639128 38238.99990000016987324, 191781.99870000034570694 36990.50039999932050705, 194730.98909999988973141 39999.97289999946951866, 195965.30109999980777502 41259.59979999996721745, 199065.99980000033974648 40646.09989999979734421, 199709.01769999973475933 39999.94229999929666519, 200000.02869999967515469 39707.51039999909698963, 200460.09719999972730875 39245.19549999944865704, 200501.76169999968260527 39999.97949999943375587, 200525.70309999957680702 40433.69529999978840351, 201666.48220000043511391 41123.49300000071525574, 201791.79550000000745058 41203.51779999956488609, 201487.30030000023543835 42092.40020000003278255, 202858 43291.69859999977052212, 201551.20120000001043081 43917.90110000036656857, 201489.7002999996766448 44773.09989999979734421, 201990.09989999979734421 47057.29979999922215939, 203250.79989999998360872 48157.00009999983012676, 204053.96490000002086163 47918.87539999932050705, 203183.12000000011175871 50265.16009999997913837, 203190.97479999996721745 50278.89990000054240227, 203134.00349999964237213 50433.10309999994933605, 203893.0026000002399087 51537.19700000062584877, 203917.26719999965280294 51549.34439999982714653, 203919.5 51553.25, 204019.96260000020265579 51584.69150000065565109, 208385.49729999992996454 53217.79600000008940697, 209285.10020000021904707 52094.0989999994635582, 208979.99949999991804361 50134.89919999986886978, 209815.40029999986290932 49418.40020000003278255, 210211.60020000021904707 50420.70040000043809414, 212762.83480000030249357 52000.22350000031292439, 212873.10259999986737967 52100.49569999985396862, 212900.65849999990314245 52085.55299999937415123, 212945.49710000026971102 52113.31359999999403954, 214453.30080000031739473 51963.40010000020265579, 213692.41399999987334013 51656.20800000056624413, 213783.90160000044852495 51606.59699999913573265, 212412.83760000020265579 51139.60579999908804893, 212315.35379999969154596 51100.24890000000596046, 212474.21179999969899654 50819.36189999990165234, 212675.76169999968260527 50476.92799999937415123, 214572.39969999995082617 50920.09979999996721745, 215137.89800000004470348 50337.00070000067353249, 216592.20120000001043081 51249.99970000050961971, 219372.70079999975860119 50171.09799999929964542, 219406.11089999973773956 50179.64360000006854534, 220000.01350000035017729 50449.17679999954998493, 222325.43149999994784594 51504.53140000067651272, 222362.10099999979138374 51589.30130000039935112, 224124.40029999986290932 51067.30030000023543835, 225728.10109999962151051 52625.4955000001937151, 225343.01319999992847443 53527.89299999922513962, 225725.53349999990314245 52989.40379999950528145, 226786.19809999968856573 54073.50100000016391277, 227334.28839999996125698 54058.5260000005364418, 227348.40000000037252903 54071.90010000020265579, 234620.28000000026077032 53899.69999999925494194, 234721.54729999974370003 53871.0471000000834465, 235359.18049999978393316 53853.67720000073313713, 235386.78070000000298023 53838.51479999907314777, 235929 53823.70030000060796738, 236882.24469999969005585 53259.68850000016391277, 237800.04999999981373549 53000, 239999.98489999957382679 51482.72699999995529652, 240691.00629999954253435 51006.13649999909102917, 241454.99980000033974648 50554.10009999945759773, 242114.40089999977499247 49472.89900000020861626, 241778.76080000028014183 48228.30660000070929527, 241803.93250000011175871 48110.25070000067353249, 241922.52280000038444996 48138.56949999928474426, 242751.13999999966472387 48817.97010000050067902, 244246.23390000034123659 48693.46240000054240227, 244302.50009999983012676 48706.89839999936521053, 243437.5026000002399087 50430.40389999933540821, 243811.13810000009834766 50655.18249999918043613, 245738.5115999998524785 51961.41080000065267086, 245258.27510000020265579 53398.62759999930858612, 245057.7346000000834465 53300.93820000067353249, 243029.10030000004917383 52002.50369999930262566, 243820.29999999981373549 53388.80130000039935112, 243192.03100000042468309 53953.32540000043809414, 242999.78139999974519014 54409.61580000072717667, 242989.10850000008940697 54418.51549999974668026, 242995.55150000005960464 54419.96829999983310699, 242986.49810000043362379 54449.90320000052452087, 243223.59900000039488077 54471.38929999992251396, 243606.65160000044852495 54557.76119999960064888, 244012.57710000034421682 54891.34860000014305115, 243578.25229999981820583 56486.24789999984204769, 241780.27770000044256449 56991.45570000074803829, 241520.81060000043362379 56894.48299999907612801, 241645.90039999969303608 57029.21389999985694885, 241533.50399999972432852 57060.7959000002592802, 242529.85610000044107437 57981.29930000007152557, 243312.21050000004470348 58823.95260000042617321, 242685.50389999989420176 59599.89910000003874302, 242833.27170000039041042 60000.02950000017881393, 243114.9976000003516674 60762.89570000022649765, 242231.00289999973028898 60747.90029999986290932, 243843.81190000008791685 61805.62570000067353249, 243913.00480000022798777 61851.00430000014603138, 243968.60030000004917383 62951.30030000023543835, 244916.30410000029951334 61663.39829999953508377, 244882.08220000006258488 61597.34669999964535236, 244529.74160000029951334 60917.19620000012218952, 244370.70370000042021275 60612.59909999929368496, 244146.9775000000372529 59999.9772999994456768, 243436.96399999968707561 58055.77239999920129776, 243409.32820000033825636 57780.84280000068247318, 244107.19979999959468842 56993.19519999995827675, 244986.79939999990165234 55306.19810000061988831, 244675.51599999982863665 54207.66139999963343143, 245175.52350000012665987 54162.59720000065863132, 246010.28419999964535236 54091.25269999913871288, 246028.21540000010281801 54085.74640000052750111, 246086.42970000021159649 53651.87969999946653843, 246121.96270000003278255 53446.84759999997913837, 246960.79999999981373549 54010.10009999945759773, 249614.60379999969154596 53461.99599999934434891, 250792.99619999993592501 55835.8965000007301569, 249839.10030000004917383 53193.50290000066161156, 248517.05150000005960464 53232.41129999980330467, 249043.65369999967515469 51807.35070000030100346, 249044.76819999981671572 51804.33449999988079071, 249005.30499999970197678 50218.9602000005543232, 249246.09970000013709068 48749.59989999979734421, 255425.50019999966025352 48010.39990000054240227, 252777.15139999985694885 47127.78700000047683716, 252402.20100000035017729 46922.57239999994635582, 254524.05850000027567148 45921.7171000000089407, 256503.57490000035613775 46312.89790000021457672, 258259.40020000003278255 47182.50009999983012676, 259999.99749999959021807 47170.03820000030100346, 260811.61060000024735928 47164.2272999994456768, 261010.87600000016391277 47203.6051000002771616, 261859.09499999973922968 47862.88150000013411045, 261388.89740000013262033 46794.20470000058412552, 261655.50150000024586916 45805.5989999994635582, 263172.39979999978095293 45885.99890000000596046, 263494.98649999964982271 45590.07679999992251396, 264030.20000000018626451 45537.90010000020265579, 264888 44660.40010000020265579, 264780.51889999955892563 44410.80480000004172325, 265071.80030000023543835 44143.60019999928772449, 266150.21300000045448542 44080.33699999935925007, 266057.09649999998509884 43487.74679999984800816, 266066.51620000042021275 43477.38819999992847443, 267584.46800000034272671 41809.19730000011622906, 267656.29889999981969595 41742.7005000002682209, 267554.85099999979138374 39999.99279999919235706, 267539.00009999983012676 39727.69999999925494194, 266872.5968000004068017 39311.39660000056028366, 266994.13250000029802322 39215.9046000000089407, 270274.31830000039190054 36742.49689999967813492, 271360.2926000002771616 36372.30260000005364418, 272616.9872000003233552 36064.53629999980330467, 273003.39979999978095293 38143.3006999995559454, 273261.52379999961704016 38264.70490000024437904, 274109.24000000022351742 39564.16999999992549419, 274656.51429999992251396 39309.46690000034868717, 274677.70000000018626451 39328.90069999918341637, 274622.2796000000089407 39613.741499999538064, 274539.16309999953955412 40000.00709999911487103, 274187.62139999959617853 41633.71869999915361404, 274249.9209000002592802 41527.53119999915361404, 274230.00289999973028898 41629.90279999934136868, 274736.3207999998703599 40698.47859999909996986, 274788.14900000020861626 40610.13929999992251396, 275352.098000000230968 41008.70069999992847443, 275344.68819999974220991 40979.32369999960064888, 275406.29279999993741512 41020.33420000039041042, 275120.85699999984353781 40000.02969999983906746, 274885.27759999968111515 39157.93960000015795231, 274880.80200000014156103 39140.19549999944865704, 275791.74799999967217445 39330.41779999993741512, 274398.11749999970197678 38850.15899999998509884, 273594.2002999996766448 37516.00109999999403954, 276139.20010000001639128 36422.10019999928772449, 277278.31359999999403954 35019.84349999949336052, 278784.23560000024735928 36100.38079999946057796, 279999.99679999984800816 37051.19620000012218952, 280159.70239999983459711 37176.09769999980926514, 283060.18460000026971102 37041.81279999949038029, 282953.59410000033676624 37194.86529999971389771, 281785.09979999996721745 38692.39980000071227551, 281815.75339999981224537 38828.68249999918043613, 281775.78000000026077032 38886.08009999990463257, 282035.32679999992251396 39999.96979999914765358, 283122.79200000036507845 44667.01510000042617321, 283132.60080000013113022 44683.25750000029802322, 285330.99980000033974648 47761.80040000006556511, 288169.10309999994933605 48530.99750000052154064, 288820.89410000015050173 49556.45729999989271164, 288798.60879999957978725 49600.27989999949932098, 287829.39989999961107969 50994.55370000004768372, 287801.26779999956488609 51561.48550000041723251, 287395.99720000009983778 52358.4232999999076128, 287697.35549999959766865 53655.57320000045001507, 286885.01059999968856573 54614.84950000047683716, 286697.65429999958723783 54813.24780000001192093, 286786.60479999985545874 54730.69749999977648258, 286717.19400000013411045 54812.41119999997317791, 287869.8948999997228384 54003.31269999966025352, 287896.62110000010579824 53700.55010000057518482, 288395.9599999999627471 53237.14010000042617321, 287986.68479999992996454 52680.28089999966323376, 287995.04519999958574772 52585.57129999995231628, 288765.25100000016391277 51449.88910000026226044, 288143.92729999963194132 50955.44229999929666519, 288314.0553999999538064 50828.77309999987483025, 289702.98940000031143427 49863.02199999988079071, 290498.60439999960362911 49704.53989999927580357, 291997.9985999995842576 50644.10459999926388264, 292094.89829999953508377 50724.49970000050961971, 292895.91990000009536743 54316.67259999923408031, 292901.10039999987930059 54339.90469999983906746, 292985.53830000013113022 54364.01170000061392784, 293627.13499999977648258 54757.32479999959468842, 293231.00169999990612268 55413.09759999997913837, 294743.59939999971538782 56628.39959999918937683, 292584.29999999981373549 57296.09979999996721745, 293124.70010000001639128 56651.29979999922215939, 292635.89919999986886978 56208.50039999932050705, 291487.4022000003606081 57223.29939999990165234, 290307.60010000038892031 56947.79920000024139881, 289520.69969999976456165 57634.40069999918341637, 289321.20100000035017729 59632.19989999942481518, 289465.49569999985396862 60000.00640000030398369, 290836.70019999984651804 63495.20030000060796738, 292476.99909999966621399 62651.49560000002384186, 295009.69950000010430813 63681.50039999932050705, 292623.59989999979734421 65750.70040000043809414, 293102.76190000027418137 69626.17919999919831753, 293302.63430000003427267 70096.96570000052452087, 293980.18939999956637621 72007.0556000005453825, 293119.00079999957233667 72545.1034999992698431, 293152.75129999965429306 72927.61629999987781048, 294060.80119999963790178 72395.79619999974966049, 294157.88260000012814999 72507.98880000039935112, 294207.41000000014901161 72647.61099999956786633, 295574.98359999991953373 74145.66779999993741512, 296081.30289999954402447 74730.79790000058710575, 296233.10080000013113022 76386.40029999986290932, 298997.21279999986290932 79643.87869999930262566, 299281.20870000030845404 79988.31909999996423721, 297923.70299999974668026 78987.89929999969899654, 297838.66930000018328428 79430.51630000025033951, 297735.95339999999850988 80000.01170000061392784, 296706.8821000000461936 85547.48269999958574772, 296702.59329999983310699 85570.60239999927580357, 296642.31089999992400408 85895.56990000046789646, 296638.53579999972134829 85915.92039999924600124, 296349.38580000028014183 87474.65729999914765358, 296254.69649999961256981 87985.1039000004529953, 297083.17939999978989363 87248.61490000039339066, 297193.99980000033974648 87150.09979999996721745, 297168.38690000027418137 87370.59329999983310699, 297011.85940000042319298 88718.08679999969899654, 296926.80389999970793724 89450.30140000022947788, 297489.85190000012516975 88078.29350000061094761, 297553.82490000035613775 87922.40709999948740005, 299944.7982999999076128 82096.19959999993443489, 299906.30379999987781048 82026.70370000042021275, 299980.78000000026077032 82029.00009999983012676, 299894.6664000004529953 82005.69409999996423721, 299589.4976000003516674 81454.758500000461936, 299352.01439999975264072 80700.19519999995827675, 299999.99029999971389771 80514.16410000063478947, 301790.77440000046044588 80000.03739999979734421, 303735.90120000019669533 79441.59979999996721745, 304050.87700000032782555 79999.97049999982118607, 304523.09989999979734421 80837.09979999996721745, 304690.80009999964386225 80895.15499999932944775, 304738.776999999769032 80970.94999999925494194, 305335.91320000030100346 81118.48289999924600124, 307682.10379999969154596 81930.69700000062584877, 307555.59989999979734421 83923.0965999998152256, 308089.10599999967962503 82189.98149999976158142, 308986.75889999978244305 83406.24789999984204769, 311235.70040000043809414 86714.69749999977648258, 315884.40020000003278255 87887.29969999939203262, 319999.99820000026375055 87870.74939999915659428, 322664.80889999959617853 87860.03319999948143959, 322750.5598999997600913 88006.16999999992549419, 323620.40060000028461218 89647.59799999929964542, 323715.97190000023692846 89651.42430000007152557, 323727.40000000037252903 89670.90010000020265579, 323869.12689999956637621 89657.55580000020563602, 325601.10340000037103891 89726.89540000073611736, 327222.08519999962300062 89341.85869999974966049, 327569.67269999999552965 89309.13159999996423721, 329235.69919999968260527 89633.05360000021755695, 332846.90120000019669533 91190.96240000054240227, 333189.39589999988675117 91389.5994000006467104, 333211.53050000034272671 91403.36070000007748604, 335908.99629999976605177 93080.39540000073611736, 336984.27159999962896109 92809.54680000059306622, 339999.97900000028312206 92136.37590000033378601, 344068.95299999974668026 91228.09310000017285347, 344727.01200000010430813 90859.24569999985396862, 346317.99849999975413084 90458.49579999968409538, 354937.84190000034868717 85135.99499999918043613, 355180.46999999973922968 85000.00009999983012676, 355264.43109999969601631 84934.33569999970495701, 355770.10030000004917383 84622.09979999996721745, 358121.33750000037252903 82700.0073000006377697, 360000.00760000012814999 81230.73760000057518482, 361573.74500000011175871 79999.94959999993443489, 362613.59999999962747097 79186.69999999925494194, 363470.93130000028759241 78326.81409999914467335, 364423.99600000027567148 77547.70160000026226044, 367857.0509000001475215 73927.62519999966025352, 368184.65000000037252903 73599.05010000057518482, 368183.26850000023841858 73583.6363999992609024, 368278.90010000020265579 73482.79509999975562096, 368051.5014000004157424 72113.54199999943375587, 367748.16019999980926514 68729.23589999973773956, 368191.88179999962449074 68881.6403999999165535, 370437.66409999970346689 71923.26479999907314777, 370349.03930000029504299 72893.34979999996721745, 369756.59999999962747097 74123.40010000020265579, 370197.5 74477.19999999925494194, 369533.71719999983906746 74529.9500999990850687, 367489.50079999957233667 74685.90139999985694885, 367481.42650000005960464 74693.04370000027120113, 367478.20000000018626451 74693.30010000057518482, 367475.89300000015646219 74698.24679999984800816, 364525.69880000036209822 77660.89919999986886978, 361700.63570000045001507 79999.94959999993443489, 360000.00609999988228083 81408.00960000045597553, 356871.5 83998.29969999939203262, 360000.0011999998241663 82529.39360000006854534, 360461.09810000006109476 82312.89760000072419643, 360626.69969999976456165 81387.30089999921619892, 361529.99660000018775463 81386.50139999948441982, 361273.00009999983012676 80720.90010000020265579, 363273.24160000029951334 80000.00039999932050705, 363485.50100000016391277 79923.50080000050365925, 365567.3963000001385808 76933.397299999371171, 366794.60010000038892031 76045.60050000064074993, 366826.7698999997228384 76090.09520000033080578, 366806.90000000037252903 76132.69999999925494194, 368221.3184000002220273 78018.9232999999076128, 368236.70189999975264072 78040.20060000009834766, 369133.01879999972879887 77635.68449999950826168, 369384.4585999995470047 77527.37179999984800816, 368330.47449999954551458 78057.68439999967813492, 368316.54999999981373549 78067.44999999925494194, 368802.24720000009983778 78866.33819999918341637, 368865.70110000018030405 78975.10300000011920929, 368082.70010000001639128 79476.30020000040531158, 368474.34410000033676624 80000.03490000031888485, 369698.90020000003278255 81637.59989999979734421, 369871.8584000002592802 81643.47470000013709068, 370000 81803.2301000002771616, 375254.72190000023692846 81466.44899999909102917, 376138.49920000042766333 81421.29979999922215939, 377163.2997000003233552 80667.09869999997317791, 379999.97169999964535236 80181.4448000006377697, 381059.94589999970048666 79999.97140000015497208, 383167.35460000019520521 79639.17129999957978725, 384667.49039999954402447 79999.99300000071525574, 384812.26530000008642673 80034.81499999947845936, 386063.00129999965429306 80387.30020000040531158, 386099.21109999995678663 80344.35889999940991402, 386123.87000000011175871 80350.28999999910593033, 386862.2203999999910593 80000.01099999994039536, 387901.35620000027120113 79507.03700000047683716, 388933.5 79535.39990000054240227, 389762.39979999978095293 78764.60019999928772449, 390578.60010000038892031 79224.00109999999403954, 390627.7828999999910593 79171.13419999927282333, 390653.19990000035613775 79184.09989999979734421, 392264.88980000000447035 77661.39440000057220459, 395332.70040000043809414 77124.65990000031888485, 395540.38999999966472387 77105.75989999994635582, 395546.92719999980181456 77087.1794000007212162, 395581.70260000042617321 77081.09520000033080578, 395736.04150000028312206 76549.66389999911189079, 396194.65979999955743551 75246.1436999998986721, 398009.12170000001788139 76434.26449999958276749, 398230.80999999959021807 76587.30000000074505806, 400000 76793.35219999961555004, 403169.72329999972134829 77162.52040000073611736, 404052.0011999998241663 78634.7005000002682209, 403865.3148999996483326 78677.43789999932050705, 403240 78733.31000000052154064, 403232.39479999989271164 78822.33029999956488609, 403170.5 78836.49980000033974648, 403210.07299999985843897 79083.61160000041127205, 403157.29810000024735928 79701.35199999995529652, 403344.68269999977201223 79924.17640000022947788, 403356.8219999996945262 79999.97949999943375587, 403409.80020000040531158 80330.79969999939203262, 405486.7994999997317791 82486.79890000075101852, 405276.47470000013709068 82535.78079999983310699, 404295.32210000045597553 82362.75, 403911.19529999978840351 82853.73689999990165234, 403673.89979999978095293 82909, 403709.90149999968707561 83111.02850000001490116, 403500.41100000031292439 83378.7971000000834465, 404030.66839999984949827 84911.05360000021755695, 404211.48770000040531158 85925.74479999952018261, 404193.42080000042915344 85961.79600000008940697, 403640.59850000031292439 86720.09589999914169312, 401883.19670000020414591 85054.30269999988377094, 401138.09879999980330467 85582.90139999985694885, 401624.30179999954998493 86366.19730000011622906, 400397.40369999967515469 85277.39980000071227551, 400196.60030000004917383 86331.29979999922215939, 400000 86306.35190000012516975, 399657.12320000026375055 86262.84190000034868717, 399287.00009999983012676 87013.9010000005364418, 398536.89740000013262033 86939.00329999998211861, 398217.40060000028461218 86488.5011999998241663, 398349.39649999979883432 87218.30340000055730343, 396815.49249999970197678 86516.84229999966919422, 398369.49980000033974648 87557.59979999996721745, 397751.10230000037699938 89165.39619999937713146, 398818.79609999991953373 89104.90330000035464764, 398250.49700000043958426 89755.09720000065863132, 396245.49600000027567148 88909.19940000027418137, 395452.89829999953508377 87455.09549999982118607, 394293.29640000034123659 87484.29719999991357327, 395000.09599999990314245 89493.20209999941289425, 396026.20210000034421682 89556.30409999936819077, 395018.90299999993294477 89812.40090000070631504, 395658.29920000024139881 90773.39580000005662441, 396834.20710000023245811 90717.88279999978840351, 397114.30279999971389771 91852.89670000039041042, 396697.10269999969750643 91465.89739999920129776, 396335.10329999960958958 92133.89629999920725822, 398337.34300000034272671 92194.37820000015199184, 397319.70380000025033951 90979.89660000056028366, 400000 90150.28769999928772449, 401044.79999999981373549 89826.89990000054240227, 400000 91053.71759999915957451, 399291.19990000035613775 91886.00009999983012676, 400000 92674.67760000005364418, 400380.89719999954104424 93098.49939999915659428, 401219.79910000041127205 91112.39870000071823597, 400669.20210000034421682 90320.79519999958574772, 403035.09769999980926514 90664.39690000005066395, 403770.20260000042617321 89915.30140000022947788, 403457.59109999984502792 89422.8823000006377697, 404792.49949999991804361 88774.5977999996393919, 403782.99990000016987324 87004.80040000006556511, 407093.10219999961555004 89982.70160000026226044, 407855.49500000011175871 90155.49090000055730343, 408196.0130000002682209 90427.27510000020265579, 411620.78459999989718199 91008.85909999907016754, 412734.60410000011324883 91261.29609999991953373, 412900.81419999990612268 91226.2296999990940094, 412930.1650000000372529 91231.21399999968707561, 417829.25899999961256981 90187.72499999962747097, 417881.66980000026524067 90276.47330000065267086, 418370.49990000016987324 91356.19899999909102917, 418259.49980000033974648 91355.59889999963343143, 418027.70239999983459711 90680.80230000056326389, 416796.59939999971538782 91025.30370000004768372, 416432.1190999997779727 91760.28399999998509884, 416731.00169999990612268 91550.30340000055730343, 416881.23300000000745058 91763.28040000051259995, 417240.10010000038892031 92313.90020000003278255, 418286.30049999989569187 91576.89580000005662441, 419110.28309999965131283 92356.90750000067055225, 419222.28299999982118607 92546.55910000018775463, 419335.16899999976158142 92569.7926000002771616, 419532.40039999969303608 92756.49899999983608723, 420000.00619999971240759 92833.46790000051259995, 421791.80370000004768372 93128.40159999951720238, 421838.65209999959915876 93121.28280000016093254, 425428.40290000010281801 92575.79910000041127205, 431766.39869999978691339 89826.98100000061094761, 429778.50059999991208315 90984.69940000027418137, 433186.60180000029504299 93150.89509999938309193, 432423.80080000031739473 93451.59970000013709068, 433544.60240000020712614 93987.59559999965131283, 432871.10020000021904707 96131.89880000054836273, 435175.60070000030100346 95045.5, 439999.98629999998956919 96584.07440000027418137, 442423.02170000039041042 97356.8193999994546175, 442916.20120000001043081 97712.89919999986886978, 441479.30219999980181456 98429.30460000038146973, 442422.70019999984651804 98252.60019999928772449, 443837.53589999955147505 98345.18710000067949295, 444152.79690000042319298 98568.8044000007212162, 445644.18140000011771917 98463.41369999945163727, 445735.70019999984651804 98469.40269999951124191, 447119.09320000000298023 100000.01459999941289425, 447470.52900000009685755 100388.84979999996721745, 447682.79609999991953373 100694.69590000063180923, 447790.73959999997168779 100743.1368000004440546, 448739.48929999954998493 101792.85109999962151051, 448809.8136999998241663 102071.43380000069737434, 448535.90089999977499247 102580.35139999911189079, 448311.00380000006407499 102626.90269999951124191, 448384.00019999966025352 101982.59869999997317791, 447770.73190000001341105 102287.23670000024139881, 447575.0497000003233552 102107.20150000043213367, 447589.49799999967217445 102128.76039999909698963, 447570.90240000002086163 102112.5, 447605.56919999979436398 102152.58559999987483025, 448041.10089999996125698 102989.5994000006467104, 446825.22510000038892031 103293.04169999994337559, 446952.90209999959915876 104426.19759999960660934, 445893.88989999983459711 105420.29600000008940697, 445120.70089999958872795 105016.59999999962747097, 445665.20010000001639128 105603.10019999928772449, 443959.90369999967515469 106232.70060000009834766, 440756.90359999984502792 110776.19999999925494194, 440000.0056999996304512 111028.08229999989271164, 438691.91720000002533197 111463.39140000008046627, 436913.91359999962151051 112489.97680000029504299, 437111.20179999992251396 112948.09840000048279762, 436733.20000000018626451 114105.50009999983012676, 437687.6593000004068017 112487.76339999958872795, 438707.50299999956041574 111772.20490000024437904, 439488.30200000014156103 112230.80360000021755695, 439999.97130000032484531 111864.46890000067651272, 442240.00040000025182962 110260.69749999977648258, 442362.7002999996766448 110735.89980000071227551, 442634.40799999982118607 109473.74709999933838844, 443189.84279999975115061 111262.30749999918043613, 443131.20079999975860119 112114.89680000022053719, 444260.89790000021457672 112717.70419999957084656, 443369.24370000045746565 111812.01899999938905239, 443472.00219999998807907 110193.89670000039041042, 444761.49679999984800816 109142.3977000005543232, 444921.29189999960362911 109001.6022999994456768, 448589.77929999958723783 105769.30350000038743019, 448637.79679999966174364 105726.99540000036358833, 448609.65869999956339598 105908.0778999999165535, 448177.79989999998360872 108687.30000000074505806, 449055.02589999977499247 109017.10850000008940697, 449149.89350000023841858 109052.7755999993532896, 448809.99969999957829714 105029.90029999986290932, 455465.49899999983608723 101377.90029999986290932, 455490.82839999999850988 101346.57589999958872795, 456579.70480000041425228 99999.98570000007748604, 457210.90010000020265579 99219.39990000054240227, 460000.01339999958872795 97766.49359999969601631, 460600.34570000041276217 97453.76830000057816505, 460730.02149999979883432 97559.4647000003606081, 462567.24799999967217445 99142.23469999991357327, 462667.29989999998360872 99230.42190000042319298, 462660.65039999969303608 99228.74100000038743019, 461112.75370000023394823 98837.44950000010430813, 462295.44350000005215406 99647.07599999941885471, 462165.12660000007599592 100000.0130000002682209, 461842.19620000012218952 100874.60429999977350235, 460922.2040999997407198 100625.79549999907612801, 461834.09989999979734421 101102.00019999966025352, 460000.01979999989271164 103379.96230000071227551, 459970.41289999987930059 103416.73469999991357327, 459782.60030000004917383 104366.2000999990850687, 458193.44469999987632036 104816.34640000015497208, 459623.59869999997317791 105402.2982999999076128, 459747.01620000042021275 105346.55670000053942204, 459999.97939999960362911 105232.30570000037550926, 461535.70260000042617321 104538.69539999961853027, 462550.98519999999552965 104439.08899999968707561, 462213.70220000017434359 105362.39959999918937683, 462462.66430000029504299 105419.00100000016391277, 463226.70000000018626451 105592.69969999976456165, 463027.30109999980777502 104640.70030000060796738, 464240.09910000022500753 103627.39619999937713146, 464718.19720000028610229 104678.39550000056624413, 467408.60190000012516975 104254.39680000022053719, 465117.70339999999850988 104547.80279999971389771, 464581.09869999997317791 103208.89739999920129776, 463466.37430000025779009 103406.86940000019967556, 464240.77520000003278255 101512.81149999983608723, 462699.30329999979585409 101198.30159999988973141, 462831.8563000001013279 100000.00640000030398369, 462901.8006999995559454 99367.7000999990850687, 463983.09929999988526106 98306.63140000030398369, 464359.72690000012516975 97963.04419999942183495, 468520.90189999993890524 99253.99809999950230122, 468430.92389999981969595 100000.04309999942779541, 468416.60099999979138374 100118.80000000074505806, 468250.25310000032186508 100000.03949999995529652, 467458.80119999963790178 99435, 467453.1063000001013279 100000.00180000066757202, 467412.19670000020414591 104058.7028999999165535, 467955.29889999981969595 104427.19739999994635582, 468817.4280000003054738 103443.22450000047683716, 468828.40029999986290932 103430.70140000060200691, 469100.70280000008642673 105311.00439999997615814, 470418.00009999983012676 105381.09989999979734421, 471823.19720000028610229 104428.19720000028610229, 472302.10030000004917383 105255.09979999996721745, 475110.92059999983757734 105691.60600000061094761, 475251.79870000015944242 105713.49909999966621399, 475091.9022000003606081 103955.10239999927580357, 476092.30020000040531158 104278.5, 476695.30279999971389771 103694.99689999967813492, 476600.30319999996572733 105062.89550000056624413, 477900.30200000014156103 104921.196000000461936, 478125.30020000040531158 102693.10019999928772449, 479175.2002999996766448 101929.19999999925494194, 479981.09989999979734421 103660.5, 479596.69940000027418137 105157.89910000003874302, 479999.96949999965727329 105122.47589999996125698, 480476.70079999975860119 105080.59979999996721745, 480297.29889999981969595 103788.50019999966025352, 480000.00679999962449074 102860.09979999996721745, 479788.50339999981224537 102199.60500000044703484, 480000.01319999992847443 102080.06519999913871288, 481511.7002999996766448 101225.70030000060796738, 483514.88960000034421682 102843.0198999997228384, 482865.60039999987930059 101205.10029999911785126, 481510.59979999996721745 100607.19989999942481518, 480000.01389999967068434 101175.43080000020563602, 479140.90000000037252903 101498.59999999962747097, 478171.26819999981671572 100000.00439999997615814, 477298.2971000000834465 98650.80079999938607216, 476545.20139999967068434 98435.30250000022351742, 476764.39639999996870756 99387.00009999983012676, 476460.69780000019818544 98427.40479999966919422, 479999.98400000017136335 96474.06719999946653843, 480469.98249999992549419 96214.67439999990165234, 480533.75600000005215406 96191.82599999941885471, 480577.80640000011771917 96155.16609999909996986, 481721.7971000000834465 95523.79600000008940697, 484500.6676000002771616 92890.46069999970495701, 485236.98099999967962503 92277.68190000019967556, 485620.0826000003144145 92204.05529999919235706, 487468.16459999978542328 94772.16119999997317791, 488257.20349999982863665 96031.30059999972581863, 487444.0014000004157424 95347.29639999940991402, 486648.80009999964386225 96502.10009999945759773, 485662.90350000001490116 96287.59759999997913837, 487263.3693000003695488 97723.52160000056028366, 487312.5011999998241663 97767.60219999961555004, 487809.60969999991357327 96796.52209999971091747, 488150.29810000024735928 96131.00219999998807907, 488187.66349999979138374 96154.94459999911487103, 489040.62469999957829714 96701.4955000001937151, 489962.00399999972432852 97658.53999999910593033, 490994.26150000002235174 97953.32450000010430813, 491634.39709999971091747 98363.50320000015199184, 497006.13260000012814999 99670.14949999935925007, 498161.3382999999448657 100000.04460000060498714, 499999.98400000017136335 100525.11119999922811985, 500988.88370000012218952 100807.51390000060200691, 501931.11459999997168779 100868.12570000067353249, 502840.80379999987781048 101089.40269999951124191, 510306.79729999974370003 101564.29690000042319298, 510321.75920000020414591 101567.91249999962747097, 517512.7443000003695488 103305.69009999930858612, 517547.10360000003129244 103313.99349999986588955, 519999.98709999956190586 104031.22509999945759773, 521401.40099999960511923 104441.00339999981224537, 522070.11629999987781048 104383.5767000000923872, 523410.5580000001937151 104446.70480000041425228, 523230.94710000045597553 104857.16679999977350235, 523824.3382999999448657 104905.16939999908208847, 523640.14859999995678663 104462.76999999955296516, 525687.70830000005662441 104627.80250000022351742, 525737.29739999957382679 104631.79939999990165234, 527403.47429999988526106 104256.17349999956786633, 533229.11799999978393316 103216.25109999999403954, 533221.92100000008940697 102944.45280000008642673, 534536.84439999982714653 102648.0142000000923872, 534493.72009999956935644 102980.01359999924898148, 537863.53079999983310699 101898.040200000628829, 538326.79629999957978725 101793.60080000013113022, 538342.14809999987483025 101826.25049999915063381, 538364.20849999971687794 101822.78779999911785126, 539999.99560000002384186 101241.90110000036656857, 543497.1546000000089407 100000.01979999989271164, 545179.6294999998062849 99402.55360000021755695, 545034.56520000007003546 100000.01459999941289425, 545029.29999999981373549 100021.69999999925494194, 545097.37679999973624945 100025.17769999988377094, 545047.932799999602139 100259.07679999992251396, 545429.28849999979138374 100042.13370000012218952, 545907.51200000010430813 100066.56399999931454659, 546004.19790000002831221 100000.01439999975264072, 548389.88460000045597553 98357.92960000038146973, 549773.90029999986290932 97570.59989999979734421, 551629.79980000015348196 97672.50039999932050705, 551742.77089999988675117 97617.4647000003606081, 551751.41239999979734421 97613.25469999946653843, 556022.62889999989420176 95532.45920000039041042, 556027.5127999996766448 95530.07990000024437904, 559563.00030000042170286 95633.89990000054240227, 560000.01310000009834766 96197.41970000043511391, 562948.92279999982565641 99999.98320000059902668, 564929.32890000008046627 102553.67960000038146973, 564939.50389999989420176 102566.80000000074505806, 567562.20380000025033951 105000.10329999960958958, 567613.18340000044554472 105016.57699999958276749, 576327.98230000026524067 107832.02160000056028366, 578337.785500000230968 108272.45069999992847443, 579999.99189999978989363 108803.33110000006854534, 586252.38750000018626451 110800.23949999921023846, 587112.17669999971985817 111172.5994000006467104, 587157.89879999961704016 111192.40090000070631504, 592132.30080000031739473 116342.49670000001788139, 595080.20019999984651804 117904.49960000067949295, 594882.79989999998360872 118304.90029999986290932, 600000.01690000016242266 117765.15780000016093254, 600723.73390000034123659 117688.82320000045001507, 609450.43360000010579824 116852.06660000048577785, 609470.18479999992996454 116985.95470000058412552, 608841.17750000022351742 120000.01610000059008598, 608215.40020000003278255 122998.60009999945759773, 609327.12669999990612268 126405.06799999997019768, 609560.59999999962747097 127561.40010000020265579, 609851.65919999964535236 128012.30049999989569187, 610289.50059999991208315 129353.90090000070631504, 615459.20010000001639128 133788.50019999966025352, 620000.00989999994635582 134758.9119000006467104, 622288.89269999973475933 135248.06660000048577785, 623895.88549999985843897 135593.68129999935626984, 623234.70019999984651804 135966.09979999996721745, 624593.76680000033229589 137199.43620000034570694, 624591.70000000018626451 137302.00009999983012676, 625197.14120000042021275 137746.99100000038743019, 625545.6276000002399087 138063.23799999989569187, 625624.70370000042021275 138134.99870000034570694, 626002.33540000021457672 138198.15719999931752682, 630944.56799999997019768 139929.63299999944865704, 631061.38159999996423721 140000.02419999986886978, 631186.79989999998360872 140075.60029999911785126, 632227.43769999966025352 140000.00559999980032444, 633027.008500000461936 139941.92259999923408031, 632851.6661999998614192 139999.98059999942779541, 632017.45000000018626451 140276.19999999925494194, 632591.12310000043362379 140234.59249999932944775, 631807.40290000010281801 140760.49709999933838844, 632663.66249999962747097 140229.33129999972879887, 631949.69620000012218952 140763.69620000012218952, 632251.24480000045150518 141184.11449999921023846, 632239.29999999981373549 141210.75009999983012676, 632281.92760000005364418 141226.89250000007450581, 632353.30030000023543835 141326.40029999986290932, 632868.42619999963790178 141448.99049999937415123, 633690.30900000035762787 141760.22499999962747097, 633751.07880000025033951 141659.04529999941587448, 633985.79750000033527613 141714.90389999933540821, 634050.23149999976158142 141243.17989999987185001, 633974.50999999977648258 142083.28810000047087669, 633979.09020000044256449 142085.5556000005453825, 633976.99920000042766333 142166.60009999945759773, 636490.40010000020265579 143531.40010000020265579, 637761.90359999984502792 145822.79810000024735928, 637772.16700000036507845 152962.78839999996125698, 636992.73539999965578318 156073.59429999999701977, 635747.90869999956339598 159999.97479999996721745, 634999.99770000018179417 162359.0044999998062849, 634486.57679999992251396 162526.9171999990940094, 635344.49990000016987324 164358.5989999994635582, 638624.303999999538064 163926.39589999988675117, 637980.29999999981373549 164244.79979999922215939, 638559.90020000003278255 164704.99990000016987324, 638691.39969999995082617 164111.80000000074505806, 639999.99139999970793724 167779.02859999984502792, 640005.79739999957382679 167795.2994999997317791, 639999.98940000031143427 167838.81469999998807907, 639581.8030000003054738 170971.99909999966621399, 638356.09999999962747097 171649.50029999949038029, 636105.33399999979883432 171484.52999999932944775, 635447.91330000013113022 171307.78470000065863132, 630781.40400000009685755 169804.20350000075995922, 624510.05900000035762787 169412.01769999973475933, 624465.0011999998241663 169409.19999999925494194, 619999.96410000044852495 168701.89189999923110008, 611239.1993000004440546 167314.09630000032484531, 609395.69990000035613775 165406.90020000003278255, 605559.23869999963790178 164874.01060000061988831, 602373.79619999974966049 164441.39839999936521053, 601792.40400000009685755 163751.99569999985396862, 601898.09869999997317791 164576.89990000054240227, 600000.01360000018030405 165578.91049999929964542, 599640.50050000008195639 165768.69959999993443489, 596038.10170000046491623 165895.20229999907314777, 592718.30119999963790178 166246.00109999999403954, 591994.22900000028312206 165221.28519999980926514, 592424.20010000001639128 168402.60019999928772449, 589740.90330000035464764 170224.10319999977946281, 588986.39800000004470348 171742.39919999986886978, 589998.29989999998360872 172423.69989999942481518, 589757.0965999998152256 172927.69999999925494194, 587573.40029999986290932 172450.59989999979734421, 588950.10329999960958958 168508.60400000028312206, 587663.60020000021904707 167977.29900000058114529, 588160.10010000038892031 169411.09979999996721745, 587039.20139999967068434 169288.40159999951720238, 585935.19940000027418137 167188.00669999979436398, 584303.30200000014156103 169834.20490000024437904, 582927.50040000025182962 167238.60050000064074993, 583406.80020000040531158 168854.30010000057518482, 583255.13279999978840351 168847.83459999971091747, 582400.40050000045448542 168811.39870000071823597, 581862.60020000021904707 167654.29979999922215939, 580631.09960000030696392 168461.39890000037848949, 579999.99839999992400408 168687.03199999965727329, 578259.50019999966025352 169309.30020000040531158, 576575.59979999996721745 170978.80040000006556511, 575498.64979999978095293 169016.79030000045895576, 576380.598000000230968 171313.40139999985694885, 579999.98610000032931566 171746.88539999909698963, 581640.79860000032931566 171943.40110000036656857, 582613.39979999978095293 172675.59979999996721745, 582112.60030000004917383 173215.90010000020265579, 581258.00030000042170286 172236.39919999986886978, 581702.29980000015348196 173308.10019999928772449, 583260.00380000006407499 175209.69830000028014183, 584857.7514000004157424 175401.92779999971389771, 585747.69969999976456165 175509.00009999983012676, 586236.29939999990165234 173865.10029999911785126, 588481.0992000000551343 174130.29509999975562096, 589357.30099999997764826 175267.19999999925494194, 589080.10290000028908253 176927.10449999943375587, 587601.59910000022500753 178317.00090000033378601, 585615.09989999979734421 178192.10119999945163727, 587013.09999999962747097 176802.40020000003278255, 584812.20019999984651804 178767.69989999942481518, 581715.69629999995231628 178367.40139999985694885, 580000.0094999996945262 178783.60759999975562096, 576874.99969999957829714 179541.69989999942481518, 571887.99619999993592501 179108.59999999962747097, 570828.19990000035613775 177191.89910000003874302, 571506.10070000030100346 176801.80030000023543835, 570584.59999999962747097 176687.5, 570829.928999999538064 176121.32379999943077564, 570960.79779999982565641 175819.30159999988973141, 569666.99959999974817038 174872.10139999911189079, 565650.49949999991804361 174280.20119999907910824, 561667.30030000023543835 174931.69999999925494194, 560925.71279999986290932 176537.2828999999910593, 560920.52199999988079071 176534.77040000073611736, 559999.98880000039935112 176089.19610000029206276, 558154.89950000029057264 175196.10050000064074993, 554339.92300000041723251 177877.24990000016987324, 554087.89919999986886978 178055.50080000050365925, 551720.79930000007152557 178050.20299999974668026, 550677.27709999959915876 179999.97509999945759773, 550675.14950000029057264 180003.9505000002682209, 550363.10020000021904707 180587.00019999966025352, 550197.59489999990910292 180624.58200000040233135, 547226.20210000034421682 181299.30299999937415123, 547118.29499999992549419 181281.17239999957382679, 545380.41220000013709068 180989.17339999973773956, 545278.20010000001639128 180971.99980000033974648, 545189.9469999996945262 180844.04839999973773956, 544607.75729999970644712 179999.97670000046491623, 544255.80009999964386225 179489.70109999924898148, 542965.89659999962896109 179242.80159999988973141, 540435.80040000006556511 179167.40330000035464764, 539999.9917000001296401 179518.34019999951124191, 539401.84470000024884939 180000.00090000033378601, 539050.63520000036805868 180282.81389999948441982, 539008.30030000023543835 180316.90430000051856041, 539010.5423999996855855 180268.09559999965131283, 539022.85730000026524067 180000.00459999963641167, 539091.19610000029206276 178512.3006999995559454, 537656.76790000032633543 177226.14379999972879887, 537413.7002999996766448 177008.20109999924898148, 537625.09559999965131283 177329.21570000052452087, 537790.89989999961107969 177580.99789999984204769, 537438.58220000006258488 177936.18950000032782555, 537238.70399999991059303 178137.69789999909698963, 536697.04069999977946281 178949.55089999921619892, 536694.02089999988675117 178954.07699999958276749, 536620.54739999957382679 179863.88389999978244305, 536609.95540000032633543 179999.98440000042319298, 536582.10030000004917383 180357.90240000002086163, 536474.49260000046342611 180374.73489999957382679, 536024.00150000024586916 180445.20319999940693378, 535819.99230000004172325 180477.11539999954402447, 534987.39209999982267618 180000.04480000026524067, 534756.71949999965727329 179866.09640000015497208, 534546.75129999965429306 179747.5625, 534002.38839999958872795 180000.03490000031888485, 533675.82259999960660934 180151.4943000003695488, 533720.0568000003695488 180259.79189999960362911, 533763.43829999957233667 180366.00159999914467335, 534661.40369999967515469 180000.04150000028312206, 535732.62189999967813492 180751.07780000008642673, 536724.81140000000596046 180647.89010000042617321, 536881.9280000003054738 179999.97069999948143959, 537218.59979999996721745 178611.59999999962747097, 538209.06379999965429306 178330.71409999951720238, 538373.80159999988973141 178283.99609999917447567, 538377.42100000008940697 178340.45700000040233135, 538483.80499999970197678 180000.00479999929666519, 538506.17190000042319298 180348.91919999942183495, 539209.25389999989420176 180727.26530000008642673, 539276.071000000461936 180669.88199999928474426, 539999.99959999974817038 180048.16459999978542328, 540056.08469999954104424 179999.99819999933242798, 540329.60020000021904707 179765.10019999928772449, 543111.89879999961704016 179726.90020000003278255, 543477.68939999956637621 180000.00009999983012676, 545680.55829999968409538 181644.66589999943971634, 547681.59989999979734421 182202.69989999942481518, 549893.89989999961107969 181459.7971000000834465, 549989.02080000005662441 181410.43380000069737434, 551294.60020000021904707 180732.89880000054836273, 551558.10690000001341105 179999.98479999974370003, 551984.39979999978095293 178814.29969999939203262, 553563.9988000001758337 179127.10029999911785126, 553651.36459999997168779 179073.88810000009834766, 558582.09999999962747097 176070.70030000060796738, 559683.90409999992698431 177305.39619999937713146, 560000.01140000019222498 177363.1578999999910593, 561117.2005000002682209 177567.29979999922215939, 562743.20010000001639128 175192.30040000006556511, 567188.401999999769032 175514.59879999980330467, 568939.99990000016987324 176169.10080000013113022, 569435.50270000007003546 177805.40320000052452087, 569770.11099999956786633 179999.95949999988079071, 569850.69919999968260527 180528.50349999964237213, 570512.0026000002399087 181515.10109999962151051, 574166.09819999989122152 181455.59809999912977219, 576439.20390000008046627 182359.69950000010430813, 575098.30030000023543835 182686.59999999962747097, 574710.01400000043213367 184216.16119999997317791, 575545.00229999981820583 182960.89719999954104424, 576306.49959999974817038 183239.79739999957382679, 576754.25659999996423721 182721.38580000028014183, 576776.10890000034123659 182696.08530000038444996, 576922.64719999954104424 182526.42359999939799309, 576936.99500000011175871 182509.81179999932646751, 577298.29810000024735928 182091.49630000069737434, 578677.803999999538064 181905.2994999997317791, 580000.01260000001639128 182430.62350000068545341, 583030.60030000004917383 183634.69969999976456165, 581788.0965999998152256 183353.60490000061690807, 582650.49700000043958426 183985.00420000031590462, 580358.09790000040084124 184386.69920000061392784, 580000.0044999998062849 184591.92850000038743019, 577660.39639999996870756 185932.79649999924004078, 580000.02039999980479479 185333.82019999995827675, 581137.85859999991953373 185042.51769999973475933, 582269.42370000015944242 185389.20260000042617321, 582295.20089999958872795 185397.09999999962747097, 583382.40280000027269125 185775.70160000026226044, 585272.90000000037252903 185538.89980000071227551, 593149.60020000021904707 183929.30030000023543835, 595732.03179999999701977 186183.75359999947249889, 595734.45509999990463257 186185.86920000053942204, 597711.50279999990016222 188010.00210000015795231, 595409.79989999998360872 188552.89990000054240227, 594661.90099999960511923 190387.60089999996125698, 593661.50399999972432852 190082.29890000075101852, 594482.79999999981373549 191203.59979999996721745, 592431.96750000026077032 190816.37859999947249889, 595344.69990000035613775 192513.09999999962747097, 594396.79849999956786633 193744.20069999992847443, 595411.60030000004917383 192673.09860000014305115, 598595.80200000014156103 192821.30480000004172325, 598497.39730000030249357 194638.50459999963641167, 592830.89969999995082617 195391.09999999962747097, 591890.13729999959468842 196415.37030000053346157, 591481.80179999954998493 196860.0823999997228384, 593528.09910000022500753 195556.4005999993532896, 598011.10010000038892031 195251.10029999911785126, 600000.02180000022053719 195413.17310000024735928, 601137.90280000027269125 195505.8965000007301569, 603185.50030000042170286 196740.60019999928772449, 603383.9046000000089407 199999.97369999997317791, 603851.5 207681.60060000047087669, 602456.01699999999254942 209321.09809999912977219, 601780.20930000022053719 209358.15809999965131283, 600000.02510000020265579 208910.10500000044703484, 599897.09999999962747097 208884.19979999959468842, 598234.28139999974519014 206513.97699999995529652, 596076.33540000021457672 205700.37529999949038029, 594858.70339999999850988 206246.00210000015795231, 593058.99619999993592501 205842.3977000005543232, 593249.49830000009387732 204744.00200000032782555, 591291.99720000009983778 204067.6955999992787838, 590650.10269999969750643 202705.1955999992787838, 589344.70339999999850988 202263.90200000070035458, 591422.20320000033825636 204697.79519999958574772, 587395.90070000011473894 205117.49520000070333481, 585649.49780000001192093 207012.40259999968111515, 586955.50009999983012676 206255.40020000003278255, 587450.79629999957978725 207804.39599999971687794, 589036.60089999996125698 206952.60019999928772449, 591793.50299999956041574 208678.59569999948143959, 592645.30030000023543835 207894.90010000020265579, 592861.40330000035464764 208850.79639999940991402, 594367.19880000036209822 208169.10160000063478947, 596711.59939999971538782 208458.49870000034570694, 597281.99980000033974648 208870.30040000006556511, 599047.30009999964386225 210485.39929999969899654, 596202.90699999965727329 212069.48660000041127205, 597227.79800000041723251 212342.39699999988079071, 597456.40050000045448542 211666.80040000006556511, 599830.40099999960511923 211476.50479999929666519, 597873.1676000002771616 213247.69840000011026859, 597711.67009999975562096 213393.84520000033080578, 599455.1294999998062849 212756.81179999932646751, 599999.99450000002980232 213945.60820000059902668, 600561.55580000020563602 215170.83269999921321869, 602588.10070000030100346 215992.10180000029504299, 602065.63709999993443489 216190.29539999924600124, 605641.05790000036358833 216796.94400000013411045, 603595.84580000024288893 218087.77449999935925007, 605649.20010000001639128 217397.10009999945759773, 605419.12139999959617853 220000.01500000059604645, 605388.6546000000089407 220344.6886999998241663, 605860.43470000009983778 220000.01500000059604645, 606184.80360000021755695 219763.00290000066161156, 605702.67410000041127205 218627.89599999971687794, 606473.10039999987930059 217273.89519999921321869, 608729.30370000004768372 216104.90000000037252903, 610935.0142000000923872 216938.42129999957978725, 611322.00999999977648258 217516.63010000064969063, 611247.10010000038892031 217669.69989999942481518, 611521.60080000013113022 218056.20140000060200691, 611434.37000000011175871 217540.05010000057518482, 611240.24509999994188547 216914.2921999990940094, 610345.30269999988377094 215814.7028999999165535, 608164.4988000001758337 215710.50029999949038029, 609586.69940000027418137 214514.29529999941587448, 609525.61469999980181456 213690.99019999988377094, 609015 214343.10009999945759773, 610077.59999999962747097 212273.09999999962747097, 610880.49920000042766333 212291.70040000043809414, 616166.39829999953508377 213358.59620000049471855, 616756.15720000024884939 213744.51899999938905239, 620000.01699999999254942 216096.1967999991029501, 621703.67239999957382679 217331.28380000032484531, 623953.30530000012367964 219999.99489999935030937, 625626.5127999996766448 221984.90010000020265579, 626486.6946000000461936 223313.12790000066161156, 626611.60199999995529652 224494.93490000069141388, 625021.79999999981373549 224882.89819999970495701, 625239.19749999977648258 223395.20299999974668026, 624039.70019999984651804 223352.80030000023543835, 623896.70370000042021275 222494.70109999924898148, 623822.49820000026375055 223181.30450000055134296, 622988.40020000003278255 223106.79969999939203262, 622695.80260000005364418 222325.40259999968111515, 622339.8960999995470047 224262.90479999966919422, 621269.90120000019669533 223919.30330000072717667, 622020.49890000000596046 225136.90469999983906746, 620922.80049999989569187 224007.39910000003874302, 620000.01360000018030405 223995.76390000060200691, 618884.59999999962747097 223981.69979999959468842, 620000.00629999954253435 224439.92980000004172325, 621023.49909999966621399 224860.39990000054240227, 620251.6036999998614192 225527.40230000019073486, 621152.99980000033974648 226190.59999999962747097, 622238.69990000035613775 226255.80000000074505806, 621092.30289999954402447 226877.99630000069737434, 622015.60130000021308661 227716.59630000032484531, 622483.7971000000834465 225920.00029999949038029, 623495.10329999960958958 226397.70370000042021275, 623830.30020000040531158 229371.40010000020265579, 625884.2005000002682209 231558.59649999998509884, 626709.71810000017285347 231475.09759999997913837, 626669.57980000041425228 231628.87680000066757202, 626247.03569999989122152 232919.65579999983310699, 625359.00090000033378601 231829.50009999983012676, 623181.79930000007152557 232754.10419999994337559, 621935.59970000013709068 231693.79890000075101852, 621337.29660000000149012 232273.4017999991774559, 620000.00299999956041574 231926.86720000021159649, 619179.70019999984651804 231714.30089999921619892, 617968.69990000035613775 232469.70040000043809414, 614512.90050000045448542 231432.90139999985694885, 610529.59750000014901161 231921.40320000052452087, 609949.90259999968111515 232682.70470000058412552, 610638.90060000028461218 232205.70060000009834766, 610356.57620000001043081 232835.13089999929070473, 610272.39989999961107969 233022.79859999939799309, 610444.70949999988079071 232778.76149999909102917, 610802.09999999962747097 232272.59979999996721745, 610985.63239999953657389 232432.7914000004529953, 612134.90050000045448542 233435.90029999986290932, 615202.69990000035613775 232968.09979999996721745, 617396.19990000035613775 234953.30030000023543835, 619102.09970000013709068 233382.79979999922215939, 620000.00059999991208315 233292.8323999997228384, 621336.70299999974668026 233158.89829999953508377, 622896.29750000033527613 234180.69590000063180923, 624912.79129999969154596 233790.11160000041127205, 625151.78729999996721745 233860.28729999996721745, 624441.00150000024586916 237192.70370000042021275, 620563.50030000042170286 237999.30049999989569187, 619999.96719999983906746 238372.02199999988079071, 617789.99920000042766333 239833.69759999960660934, 617682.45349999982863665 239999.96319999918341637, 616400.7971000000834465 241981.40279999934136868, 616876.55150000005960464 241633.5, 618081.19660000037401915 240752.58449999988079071, 618391.58579999953508377 240564.04939999990165234, 619320.15249999985098839 240000.02410000003874302, 620000.0014000004157424 239587.07359999977052212, 620783.59949999954551458 239111.10439999960362911, 625309.09790000040084124 237817.40110000036656857, 625539.79250000044703484 235376.19050000049173832, 625558.74710000026971102 235175.6131999995559454, 625592.39950000029057264 234819.50310000032186508, 625727.07839999999850988 234731.25659999996423721, 625829.82540000043809414 234663.93319999985396862, 627882.00040000025182962 233319.27449999935925007, 627940.19000000040978193 233293.72010000050067902, 627942.9599999999627471 233279.33159999921917915, 627956.5965999998152256 233270.3965000007301569, 627998.55669999960809946 232990.5438000001013279, 628326.37999999988824129 231287.71759999915957451, 629921.29920000024139881 233998.69979999959468842, 632816.79629999957978725 236630.40469999983906746, 632950.30030000023543835 237749.20439999923110008, 630811.80350000038743019 239529.10500000044703484, 632696.89649999979883432 238859.59649999998509884, 633149.19589999970048666 237527.69779999926686287, 635525.64680000022053719 239598.29299999959766865, 635694.3421000000089407 239999.97079999931156635, 637521.86899999994784594 244351.46609999984502792, 637878.39199999999254942 244576.23469999991357327, 639999.98099999967962503 247087.92999999970197678, 640054.09970000013709068 247151.99990000016987324, 640690.3006999995559454 247057.60029999911785126, 641166.09960000030696392 247783.97179999947547913, 642803.49990000016987324 248233.19999999925494194, 640000.02440000046044588 246159.7438999991863966, 639101.09929999988526106 245494.89709999971091747, 640000.02790000010281801 246099.39179999940097332, 645339.54769999999552965 249690.01249999925494194, 647608.30289999954402447 260000.01149999909102917, 647709.50389999989420176 260459.90359999984502792, 647925.40000000037252903 270424.10089999996125698, 648012.67860000021755695 270590.74499999918043613, 648016.94799999985843897 270761.45399999991059303, 648952.99399999994784594 273168.00599999912083149, 649679.41600000020116568 273773.10639999993145466, 650061.90350000001490116 274503.40350000001490116, 650620.09989999979734421 274726.99990000016987324, 652299.86749999970197678 279999.99520000070333481, 652927.14740000013262033 281969.10329999960958958, 653700.78039999958127737 284576.41489999927580357, 653852.30030000023543835 289820.90020000003278255, 653869.10979999974370003 289855.36299999989569187, 653870.19689999986439943 289891.2864999994635582, 654042.49079999979585409 290210.83009999990463257, 655202.70010000001639128 292589.49990000016987324, 655269.80020000040531158 293192.10019999928772449, 655644.79800000041723251 293736.39819999970495701, 653818.34879999980330467 299167.21519999951124191, 653779.1676000002771616 299264.95910000056028366, 653607.22360000014305115 299999.97350000031292439, 653148.73000000044703484 301959.91009999997913837, 653182.06240000016987324 302062.77710000053048134, 653009.99799999967217445 302860.69629999995231628, 653432.90359999984502792 303692.09840000048279762, 653015.92559999972581863 303680.30150000005960464, 652793.67520000040531158 304775.67860000021755695, 653508.60149999987334013 303816.2028999999165535, 652888.80389999970793724 312063.00229999981820583, 649932.88559999968856573 319999.99019999988377094, 649784.39819999970495701 320398.69629999995231628, 648162.51290000043809414 322445.48609999939799309, 641867.80020000040531158 328705.19969999976456165, 639999.97149999998509884 330156.39570000022649765, 630785.00019999966025352 337315.90020000003278255, 626090.30329999979585409 339999.97990000061690807, 621948.60199999995529652 342367.8977000005543232, 619999.98379999957978725 342615.69290000014007092, 610004.19629999995231628 343886.80279999971389771, 600000.0213000001385808 346650.30460000038146973, 598704.63080000039190054 345761.64809999987483025, 600000.02599999960511923 346070.07560000009834766, 600927.13520000036805868 346290.81589999981224537, 603962.60300000011920929 345392.20179999992251396, 602823.59729999955743551 345009.80150000005960464, 602647.40029999986290932 344041.49850000068545341, 602554.32600000035017729 344875.2921999990940094, 600501.30080000031739473 344878.39990000054240227, 600000.0026000002399087 344772.29749999940395355, 597261.09979999996721745 344192.59520000033080578, 596176.5 344906.3011000007390976, 596071.19730000011622906 344320.79849999956786633, 593216.30370000004768372 344178.81909999996423721, 592919.30009999964386225 343581.50009999983012676, 591598.20220000017434359 343845.9046000000089407, 591578.49650000035762787 345587.196000000461936, 589014.10109999962151051 345927.39870000071823597, 589046.89989999961107969 345085.99939999915659428, 586876.62019999977201223 345754.17970000021159649, 586841.79959999956190586 345764.90020000003278255, 584844.0992000000551343 345738.40010000020265579, 585499.90029999986290932 345617.1988999992609024, 585295.49839999992400408 344887.80000000074505806, 583939.30790000036358833 344276.23029999993741512, 583522.73369999974966049 345142.77319999970495701, 581974.27830000035464764 345290.09109999984502792, 581046.79959999956190586 345709.50100000016391277, 579999.97310000006109476 345155.79299999959766865, 579229.00270000007003546 344747.99630000069737434, 579638.50189999956637621 345432.40029999986290932, 576015.39950000029057264 345033.10459999926388264, 575792.80020000040531158 344438.80000000074505806, 575877.39979999978095293 345012.30010000057518482, 573949.20370000042021275 345290.40110000036656857, 574972.30030000023543835 344306.80140000022947788, 573768.70019999984651804 344884.50009999983012676, 572787.09810000006109476 344263.00109999999403954, 572160.50360000040382147 345207.60459999926388264, 570753.60020000021904707 345077.00009999983012676, 567425.29980000015348196 341888.00009999983012676, 566806.70679999981075525 339999.9635000005364418, 564681.10020000021904707 333512.30020000040531158, 564722.7002999996766448 331215.50009999983012676, 560000.02790000010281801 327251.36920000053942204, 558984.19979999959468842 326398.70040000043809414, 559691.39879999961704016 324690.99750000052154064, 559999.97840000037103891 323594.23049999959766865, 560243.74370000045746565 322727.82939999923110008, 559999.97840000037103891 323333.31660000048577785, 559680.00409999955445528 324128.09869999997317791, 558575.40000000037252903 326173.69999999925494194, 557223.79999999981373549 327041.30010000057518482, 552994.10059999953955412 326663.30299999937415123, 552888.99969999957829714 326676.84520000033080578, 549476.79870000015944242 327116.50339999981224537, 548772.59630000032484531 322718.30230000056326389, 549342.40029999986290932 327331.20030000060796738, 549334.00250000040978193 327957.80250000022351742, 548125.80109999980777502 328062.00070000067353249, 549277.6969999996945262 328008.49789999984204769, 546570.10140000004321337 332953.60239999927580357, 542291.79999999981373549 335043.40010000020265579, 540000.01099999994039536 335792.6294999998062849, 538986.70000000018626451 336123.90010000020265579, 539174.1990999998524785 337701.90330000035464764, 536452.83480000030249357 335371.23680000007152557, 537639.90039999969303608 337320.90230000019073486, 539792.10049999970942736 339200.0044999998062849, 537337.60350000020116568 339205.10290000028908253, 539829.40110000036656857 339418.20179999992251396, 540000.0011999998241663 339728.03930000029504299, 540149.73350000008940697 339999.9772999994456768, 544447.60030000004917383 347805.59989999979734421, 547594.50090000033378601 350633.21289999969303608, 550322.60190000012516975 352289.19769999943673611, 554960.80319999996572733 357156.64430000074207783, 556022.70110000018030405 357223.69510000012814999, 556765.10290000028908253 358119.79849999956786633, 556891.15589999966323376 359999.99489999935030937, 557474.10400000028312206 368695.20160000026226044, 554911.72369999997317791 376971.10600000061094761, 553487.81830000039190054 380000.01600000075995922, 552558.84960000030696392 381976.10400000028312206, 549289.10010000038892031 388573.50009999983012676, 548231.00299999956041574 392204.10209999978542328, 547485.80020000040531158 393025.30010000057518482, 546869.20019999984651804 392678.80010000057518482, 547104.00090000033378601 393298.19899999909102917, 546754.29930000007152557 392616.80330000072717667, 546404.30150000005960464 393180.80269999988377094, 547010.99909999966621399 393402.20030000060796738, 545611.60080000013113022 393398.09989999979734421, 547121.59979999996721745 393898.29979999922215939, 545426.99969999957829714 395662.40149999968707561, 546289.90029999986290932 395534.39939999952912331, 545224.00030000042170286 396301.50009999983012676, 545627.20000000018626451 396969.59979999996721745, 543402.71870000008493662 400000.02040000073611736, 543266.20010000001639128 400186.00009999983012676, 543816.81049999967217445 399999.99970000050961971, 543982.2982999999076128 399944.0965999998152256, 543953.51840000040829182 399999.99279999919235706, 543667.60039999987930059 400555.30079999938607216, 542559.49899999983608723 401856.59999999962747097, 542358.79999999981373549 400496.50009999983012676, 541337.50019999966025352 400758.40029999986290932, 541813.49990000016987324 402009.09960000030696392, 539999.99390000011771917 402896.5186999998986721, 539970.40000000037252903 402911.00019999966025352, 539999.99500000011175871 402853.77429999969899654, 540597.40380000043660402 401698.60419999994337559, 540316.58530000038444996 401023.33760000020265579, 540000.02950000017881393 401187.9005999993532896, 538955.69990000035613775 401730.80040000006556511, 538028.10259999986737967 402746.10439999960362911, 538562.49920000042766333 404049.50009999983012676, 535178.60070000030100346 405268.20150000043213367, 535854.69629999995231628 403945.00129999965429306, 533824.80350000038743019 405078.29700000025331974, 533611.7582999998703599 405323.93270000070333481, 528477.50210000015795231 411243.60209999978542328, 527766.80260000005364418 411449.70319999940693378, 527258.30009999964386225 410637.80000000074505806, 526348.89940000046044588 411064.00359999947249889, 520000.0082999998703599 416237.88709999993443489, 518814.00189999956637621 417204.39589999988675117, 518799.10080000013113022 417224.62690000049769878, 517358.12409999966621399 419181.01640000008046627, 516537.88250000029802322 420000.03480000048875809, 516533.0400000000372529 420004.86999999918043613, 515991.54150000028312206 421036.40240000002086163, 512674.2005000002682209 425540.29959999956190586, 506163.49749999959021807 423466.30350000038743019, 501079.60099999979138374 423503.90269999951124191, 500000.00329999998211861 422742.11840000003576279, 497628.29989999998360872 421068.59979999996721745, 493447.9976000003516674 422802.70329999923706055, 491791.00380000006407499 425120.40010000020265579, 489896.30020000040531158 424606.40020000003278255, 486315.59879999980330467 422876.10219999961555004, 486939.39190000016242266 420831.26750000007450581, 486054.99980000033974648 421690.20319999940693378, 485816.5056999996304512 420921.37480000033974648, 485807.86129999998956919 420893.60380000062286854, 486028.10180000029504299 423141.19629999995231628, 484251.21980000007897615 424133.27410000003874302, 486180.70089999958872795 423890.50070000067353249, 487752.90259999968111515 425864.99679999984800816, 491236.30080000031739473 426896.00070000067353249, 490005.19900000002235174 426692.30000000074505806, 490458.09850000031292439 427268.59530000016093254, 493566.79980000015348196 426506.80020000040531158, 496298.19940000027418137 424541.29580000042915344, 500000.02419999986886978 425185.78559999912977219, 504418.36710000038146973 425956.29150000028312206, 510076.00150000024586916 428165.99799999967217445, 513090.9988000001758337 428712.60080000013113022, 515429.59159999992698431 427689.47250000014901161, 515916.39879999961704016 427476.4955000001937151, 517108.89940000046044588 425019.5994000006467104, 519999.98790000006556511 422285.3534999992698431, 522416.42609999980777502 420000.00799999944865704, 525490.39960000012069941 417092.79890000075101852, 528799.30030000023543835 416476.30030000023543835, 533451.49990000016987324 418377.50009999983012676, 532313.20139999967068434 419452.50039999932050705, 533592.49959999974817038 418418.79930000007152557, 534519.90010000020265579 418893.50009999983012676, 537693.09759999997913837 418009.89540000073611736, 540000.01850000023841858 416283.53879999928176403, 541818.5 414922.69999999925494194, 542113.20000000018626451 414031.00009999983012676, 539999.98759999964386225 410823.33229999989271164, 539903.21439999993890524 410676.43930000066757202, 539893.40840000007301569 410635.09280000068247318, 539999.98859999980777502 410781.53629999980330467, 542118.95590000040829182 413693.04619999974966049, 542221.9434000002220273 414098.45250000059604645, 541530.19170000031590462 416149.06919999979436398, 540159.34200000017881393 420000.01909999921917915, 539999.97410000022500753 420447.71079999953508377, 539982.00050000008195639 420498.20179999992251396, 529075.90390000026673079 434771.69739999994635582, 525636.25999999977648258 440000.00879999995231628, 521284.40359999984502792 446614.89719999954104424, 519999.9905000003054738 450308.07029999978840351, 517199.20019999984651804 458361.40069999918341637, 517161.98029999993741512 459999.97859999909996986, 517083.60269999969750643 463450.49809999950230122, 517967.9007999999448657 466164.30079999938607216, 519944.59769999980926514 468526.09530000016093254, 519999.97640000004321337 468535.67579999938607216, 523991.99920000042766333 469226.30489999987185001, 525836.70000000018626451 470650.50009999983012676, 524066.60049999970942736 472253.7982999999076128, 519999.98620000015944242 473797.60029999911785126, 516814.75920000020414591 475008.79429999925196171, 516809.2215999998152256 475012.8880000002682209, 512478.49930000025779009 478214.29939999990165234, 512245.68819999974220991 480000.00310000032186508, 512117.99920000042766333 480979.40090000070631504, 513607.59999999962747097 481416.80000000074505806, 509122.17669999971985817 483564.64690000005066395, 506580.69000000040978193 484749.88010000064969063, 506550.76680000033229589 484795.96749999932944775, 506387.59999999962747097 484874.09999999962747097, 504501.49969999957829714 487728.09979999996721745, 505200.10170000046491623 489155.5743000004440546, 505239.63929999992251396 489259.56479999981820583, 503748.60080000013113022 489868.19989999942481518, 503033.20230000000447035 494030.70470000058412552, 501994.80279999971389771 494980.00300000049173832, 500012.56900000013411045 499999.98640000075101852, 500000.00169999990612268 500031.81289999932050705, 499860.49980000033974648 500385.09979999996721745, 495840.7002999996766448 503482.00009999983012676, 495607.28079999983310699 504208.73890000022947788, 495555.76200000010430813 504264.69810000061988831, 495570.43719999957829714 504323.44950000010430813, 495278.30099999997764826 505232.99899999983608723, 496008.50019999966025352 506672.30040000006556511, 493806.96410000044852495 509192.62079999968409538, 492519.75779999978840351 510481.50950000062584877, 490079.99500000011175871 511793.85999999940395355, 489858.83469999954104424 511191.38869999907910824, 489929.8349999999627471 511836.20069999992847443, 489081.87700000032782555 512029.1096000000834465, 486212.1990999998524785 512526.40049999952316284, 486032.69979999959468842 513832.59979999996721745, 485073.3726000003516674 514693.22570000030100346, 484713.70500000007450581 514717.45910000056028366, 484320.10290000028908253 515368.99450000002980232, 483707.80049999989569187 515918.29939999990165234, 481340.50030000042170286 515529.50029999949038029, 479999.97819999977946281 517670.16269999928772449, 479836.28459999989718199 517931.56279999949038029, 478706.9176000002771616 518748.87350000068545341, 478227.05599999986588955 518780.4419999998062849, 478074.19859999977052212 518790.49789999984204769, 474832.00430000014603138 519999.96419999934732914, 474250.20000000018626451 520217.00019999966025352, 471469.6993000004440546 520134.30150000005960464, 468831.1039000004529953 521952.18050000071525574, 468182.78189999982714653 521870.07239999994635582, 467130.49600000027567148 521599.70309999957680702, 464714.79999999981373549 522430.09979999996721745, 462071.40160000044852495 524379.22199999913573265, 461181.80030000023543835 525035.40020000003278255, 460000.01699999999254942 525398.70280000008642673, 456987.19979999959468842 526324.89990000054240227, 456253.36400000005960464 527558.4727999996393919, 455794.66009999997913837 527907.2215999998152256, 455912.30009999964386225 526397.30040000006556511, 454677.09900000039488077 526145.4010000005364418, 455049.5026000002399087 524684.00009999983012676, 454344.09640000015497208 523585.80450000055134296, 451894.35290000028908253 521145.36339999921619892, 454324.00320000015199184 524247.89499999955296516, 454202.39680000022053719 525599.29810000024735928, 451741.38420000020414591 525665.35649999976158142, 452185.28359999973326921 526288.46360000036656857, 452466.5127999996766448 526692.23069999925792217, 453469.57579999975860119 526793.6261999998241663, 453760.89969999995082617 528150.69899999909102917, 454449.40240000002086163 528445.30360000021755695, 453403.4647000003606081 529189.36669999919831753, 453399.34310000017285347 529191.81350000016391277, 452817.59889999963343143 529606.90049999952316284, 451738.69890000019222498 532014.5011999998241663, 452034.27390000037848949 532619.9443999994546175, 452174.11000000033527613 533352.61999999918043613, 452386.69670000020414591 533341.83229999989271164, 452468.60030000004917383 533509.59999999962747097, 451894.20040000043809414 534021.09889999963343143, 453336.3113000001758337 533293.6436999998986721, 453098.3006999995559454 534104.20380000025033951, 448868.303999999538064 536624.90230000019073486, 448888.70230000000447035 536643.6967999991029501, 448926.00299999956041574 536676.69739999994635582, 448906.04169999994337559 536703.72020000033080578, 446471.16069999989122152 539999.97240000031888485, 445456.07809999957680702 541374.15369999967515469, 445239.75 541647.34999999962747097, 445234.51310000009834766 541674.10019999928772449, 445085.29980000015348196 541876.09979999996721745, 443173.29999999981373549 549442.80309999920427799, 443720.75640000030398369 549403.45539999939501286, 443548.52170000039041042 549669.97910000011324883, 442001.16139999963343143 551933.87570000067353249, 441987.19859999977052212 551954.30419999919831753, 441038.00250000040978193 556137.49679999984800816, 441474.85680000018328428 556654.76679999940097332, 441275.3492000000551343 558240.16119999997317791, 440431.89979999978095293 557631.0989999994635582, 440899.69979999959468842 558856.69979999959468842, 441205.90749999973922968 558791.98179999925196171, 441184.99110000021755695 558958.19510000012814999, 440723.09989999979734421 559229.00100000016391277, 440768.91229999996721745 560000.01640000008046627, 440840.67860000021755695 561207.83190000057220459, 440842.29870000015944242 561235.09769999980926514, 441290.9031999995931983 563585.10500000044703484, 439999.99700000043958426 564947.49530000053346157, 437800.30030000023543835 567269.00019999966025352, 437692.7017000000923872 568112.52620000019669533, 437284.40010000020265579 567786.19989999942481518, 437194.68389999959617853 567929.43960000015795231, 436827.55059999972581863 568137.58339999988675117, 435332.49980000033974648 565665.80040000006556511, 430227.83139999955892563 565516.21780000068247318, 435079.9976000003516674 566271.89570000022649765, 436560.0026000002399087 568889.29639999940991402, 437071.04700000025331974 568935.42879999987781048, 437391.59999999962747097 569263.59999999962747097, 438264.62779999990016222 569056.72809999994933605, 437140.23830000031739473 569601.74410000070929527, 435606.11280000023543835 573083.62519999966025352, 435200.29999999981373549 573549.09999999962747097, 435235.00160000007599592 573925.90650000050663948, 434464.08139999955892563 575675.16669999994337559, 434289.24349999986588955 576027.73240000009536743, 433768.54839999973773956 576775.5482999999076128, 433383.19969999976456165 576196.30000000074505806, 432141.40010000020265579 579416.30309999920427799, 432163.44350000005215406 579999.99789999984204769, 432206.78270000033080578 581147.59060000069439411, 430947.36359999980777502 582512.84329999983310699, 432069.1990999998524785 581750.84180000051856041, 431407.23039999976754189 583106.07939999923110008, 430728.90000000037252903 583987.25009999983012676, 430684.08189999964088202 584586.5698000006377697, 430367.59949999954551458 585234.49899999983608723, 429405.20239999983459711 585319.70350000075995922, 430356.90010000020265579 585470.10019999928772449, 431191.89890000037848949 587815.39919999986886978, 431384.27809999976307154 587866.02930000051856041, 431990.71210000012069941 588047.6664000004529953, 430951.46129999961704016 590213.69070000015199184, 430506.00899999961256981 590725.41999999992549419, 430496.85659999959170818 591161.18539999984204769, 427218.40089999977499247 597994.19879999943077564, 427572.67980000004172325 599240.60879999957978725, 427541.97900000028312206 599560.16110000014305115, 427721.19079999998211861 599999.99670000001788139, 427943.86820000037550926 600546.50909999944269657, 428691.69979999959468842 603177.50080000050365925, 427742.39010000042617321 604498.31379999965429306, 427192.05209999997168779 605030.66970000043511391, 426347.79989999998360872 604733.39990000054240227, 426300.90390000026673079 605579.60419999994337559, 425693.47740000020712614 607537.84669999964535236, 425311.67999999970197678 608487.27309999987483025, 425304.17989999987185001 608792.87700000032782555, 424914.60410000011324883 610048.80489999987185001, 424091.89929999969899654 610547.50009999983012676, 424756.49679999984800816 610214.09759999997913837, 426674.20019999984651804 612615.79969999939203262, 426795.8551000002771616 613734.5056999996304512, 426793.90000000037252903 613737.69999999925494194, 426799.79750000033527613 613749.24789999984204769, 426966.07780000008642673 615249.83689999952912331, 426008.98000000044703484 616058.44999999925494194, 426008.05950000043958426 616173.51209999993443489, 425827.50019999966025352 616336.69969999976456165, 425894.30229999963194132 619999.97499999962747097, 425933.39989999961107969 622143.99990000016987324, 424467.70120000001043081 622775.10029999911785126, 424603.58299999963492155 624411.31220000050961971, 424338.02500000037252903 624418.80010000057518482, 424646.86780000012367964 624932.52300000004470348, 424685.59889999963343143 625398.9005999993532896, 423509.55750000011175871 626819.98709999956190586, 423356.79200000036507845 626974.43209999985992908, 423356.6919999998062849 627004.70439999923110008, 422923.29920000024139881 627528.40090000070631504, 423353.50129999965429306 627970.37649999931454659, 423352.23000000044703484 628355.15010000020265579, 424147.2724999999627471 628785.87140000052750111, 422784.02149999979883432 630735.78209999948740005, 422666.66000000014901161 630888.88010000064969063, 422668.20660000015050173 630894.04939999990165234, 422441.7002999996766448 631225.39990000054240227, 422033.50030000042170286 630898.30030000023543835, 422832.50349999964237213 631678.60339999943971634, 422102.71600000001490116 632269.39220000058412552, 421403.2900000000372529 632638.58999999985098839, 421097.9813000001013279 633082.76019999943673611, 420000.01919999998062849 633971.59909999929368496, 417557.99890000000596046 635948.50049999915063381, 416327.49899999983608723 636138.40010000020265579, 414540.99890000000596046 634453.99939999915659428, 413557.4034000001847744 635844.30089999921619892, 414911.40029999986290932 636951.09979999996721745, 413702.79999999981373549 638965.7000999990850687, 411860.60010000038892031 637809.40010000020265579, 410115.20010000001639128 638794.29979999922215939, 409259.27280000038444996 640000.03830000013113022, 408275.40579999983310699 641386.00430000014603138, 408069.30030000023543835 643263.2000999990850687, 407290.59759999997913837 643391.90020000003278255, 407385.0992000000551343 644561.40029999986290932, 405290.39279999956488609 646434.74699999950826168, 402566.60010000038892031 648870.70079999975860119, 400178.47229999955743551 652575.49679999984800816, 400843.41430000029504299 652429.74340000003576279, 400000 653913.86529999971389771)),((87767.56869999971240759 8868.28490000031888485, 87633.81670000031590462 8860.82340000011026859, 87375.34989999979734421 8093.50320000015199184, 87407.026999999769032 7940.65240000002086163, 88183.64649999979883432 7119.18859999999403954, 88258.09929999988526106 7054.09979999996721745, 88539.4034000001847744 8272.40139999985694885, 88576.34509999956935644 8238.63240000046789646, 89235.88399999961256981 8080.29790000058710575, 89245.06479999981820583 8124.85119999945163727, 87767.56869999971240759 8868.28490000031888485)),((93203.25279999990016222 11105.05670000053942204, 93194.44240000005811453 11947.84830000065267086, 91728.69990000035613775 12925.30010000057518482, 90646.46679999958723783 12066.84799999929964542, 90715.38810000009834766 11057.23059999942779541, 90787.50009999983012676 10729.90029999986290932, 89430.39759999979287386 10357.4046000000089407, 89496.51979999989271164 10247.41129999980330467, 89918.45349999982863665 9919.98689999990165234, 90436.44990000035613775 10324.7914000004529953, 90446.75999999977648258 10361.94999999925494194, 90457.89360000006854534 10341.54930000007152557, 90494.30020000040531158 10370.00019999966025352, 90931.58389999996870756 9473.57650000043213367, 91071.63819999992847443 9216.946000000461936, 91191.99990000016987324 10139.60009999945759773, 92271.40020000003278255 9909.10019999928772449, 93203.25279999990016222 11105.05670000053942204)),((89298.43209999985992908 13377.59109999984502792, 90237.28589999955147505 14759.38619999960064888, 90197.71960000041872263 14939.68689999915659428, 88431.11969999969005585 16475.80049999989569187, 88543.89699999988079071 15760.44649999961256981, 89256.82359999977052212 13370.26679999940097332, 89298.43209999985992908 13377.59109999984502792)),((88116.82780000008642673 14821.02810000069439411, 88242.80379999987781048 15229.79979999922215939, 87553.11060000024735928 16536.78070000000298023, 87323.11180000007152557 14539.13570000045001507, 87633.84949999954551458 14239.20769999921321869, 88116.82780000008642673 14821.02810000069439411)),((92296.90979999955743551 17519.27370000071823597, 92287.97209999989718199 17503.19299999997019768, 92371.61000000033527613 17082.91009999997913837, 92149.23730000015348196 17253.5835999995470047, 91481.31900000013411045 16051.87529999949038029, 91580.02900000009685755 15865.44629999995231628, 92661.24990000016987324 15120.97819999977946281, 92867.19570000004023314 15033.26349999941885471, 94358.09989999979734421 15619.64670000039041042, 94479.20069999992847443 15674.35199999995529652, 92563.50019999966025352 16153, 92519.28990000020712614 16569.01219999976456165, 92296.90979999955743551 17519.27370000071823597)),((183945.93420000001788139 38771.86849999986588955, 183875.28969999961555004 38715.19280000030994415, 183884.57000000029802322 38705.25999999977648258, 183945.93420000001788139 38771.86849999986588955)),((403150.00019999966025352 87620.6993000004440546, 403051.29920000024139881 88366.9046000000089407, 401920.20019999984651804 88621.80089999921619892, 400937.19959999993443489 88090.60359999909996986, 401258.19969999976456165 87492.60019999928772449, 403150.00019999966025352 87620.6993000004440546)),((449254.55829999968409538 96329.76720000058412552, 448666.14309999998658895 96602.77129999920725822, 448324.58810000028461218 96361.70399999991059303, 445727.35720000043511391 93475.56849999912083149, 442913.35850000008940697 92368.8409000001847744, 441845.04339999984949827 91899.21450000070035458, 443427.09999999962747097 91626.50009999983012676, 442172.30020000040531158 91417.50009999983012676, 441446.50399999972432852 90198.30040000006556511, 441606.49990000016987324 91404.30040000006556511, 440398.67630000039935112 91969.37509999983012676, 440369.52649999968707561 91971.83159999921917915, 439999.99100000038743019 91734.5397999994456768, 437509.79989999998360872 90135.5, 435347.78899999987334013 89733.57340000011026859, 435085.21669999975711107 89429.54040000028908253, 435137.41079999972134829 89794.9313999991863966, 433974.68589999992400408 89833.03519999980926514, 433837.36110000032931566 89819.13939999975264072, 432024.21609999984502792 86621.02070000022649765, 429318.19900000002235174 84910.71299999952316284, 436524.16509999986737967 85363.70040000043809414, 439115.10030000004917383 82828.29890000075101852, 439999.99870000034570694 82434.14709999971091747, 443292.50019999966025352 80967.59989999979734421, 444375.6025000000372529 80000.01960000023245811, 449660.49969999957829714 75278.80000000074505806, 457769.2002999996766448 77820.40029999986290932, 458400.10890000034123659 80000.01549999974668026, 459452.20000000018626451 83634.69999999925494194, 460000.03490000031888485 84033.8676999993622303, 461461.15629999991506338 85098.48120000027120113, 463849.2997000003233552 85450.7000999990850687, 465770.19539999961853027 87956.4801000002771616, 464653.94799999985843897 88697.38480000011622906, 463081.09979999996721745 88587.80000000074505806, 463456.30030000023543835 89289.5, 463939.56300000008195639 88695.44899999909102917, 463015.90000000037252903 91610.80010000057518482, 460000.03309999965131283 92871.60209999978542328, 459759.08000000007450581 92972.33410000056028366, 456310.12449999991804361 93098.72089999914169312, 455180.56610000040382147 92674.42149999924004078, 455405.97680000029504299 93124.78779999911785126, 454632.64560000039637089 93783.17219999991357327, 453773.20010000001639128 94082.69989999942481518, 453176.20010000001639128 94949.20030000060796738, 451254.5023999996483326 96457.21279999986290932, 450073.57129999995231628 96127.98029999993741512, 450702.75 92514.57010000012814999, 449826.495299999602139 96059.09769999980926514, 449741.92729999963194132 96035.52089999988675117, 449254.55829999968409538 96329.76720000058412552)),((463944.2085999995470047 102112.20989999920129776, 463694.90270000044256449 102729.90320000052452087, 463386.19940000027418137 101954.59520000033080578, 463944.2085999995470047 102112.20989999920129776)),((477033.69660000037401915 102497.59970000013709068, 476719.2959000002592802 103657.09769999980926514, 474783.59970000013709068 103954.90020000003278255, 474589.5965999998152256 102294.79780000075697899, 476828.5 100982.39980000071227551, 477033.69660000037401915 102497.59970000013709068)),((473982.50009999983012676 103215.89980000071227551, 472691.09709999989718199 104396.29609999991953373, 471458.79849999956786633 103535.80260000005364418, 470929.90010000020265579 100324.00009999983012676, 468815.00270000007003546 100047.60190000012516975, 468826.25879999995231628 100000.0511000007390976, 469068.10180000029504299 98978.39699999988079071, 475013.31570000015199184 98095.42769999988377094, 475044.90000000037252903 99120.40020000003278255, 473494.09970000013709068 98472.10089999996125698, 474019.40000000037252903 99117.90029999986290932, 472925.80099999997764826 99181.69879999943077564, 473454.46690000034868717 100000.00549999997019768, 473897.20000000018626451 100685.29930000007152557, 472749.80190000031143427 100861.19810000061988831, 472430.09970000013709068 101559.89809999987483025, 473247.89250000007450581 101436.9857999999076128, 472651.19919999968260527 101702.29729999974370003, 473307.42389999981969595 101853.70539999939501286, 473582.09929999988526106 101384.69950000010430813, 473982.50009999983012676 103215.89980000071227551)),((214191.72730000037699938 143570.30269999988377094, 214579.3631999995559454 143694.19109999947249889, 213057.19830000028014183 148206.07489999942481518, 213012.01389999967068434 147801.53439999930560589, 212711.20260000042617321 144881.39760000072419643, 213329.10400000028312206 143304.59879999980330467, 214191.72730000037699938 143570.30269999988377094)),((581512.20040000043809414 170173.0977999996393919, 580761.8009000001475215 169538.19959999993443489, 582038.10340000037103891 169506.09869999997317791, 581512.20040000043809414 170173.0977999996393919)),((579729.60170000046491623 170287.09530000016093254, 578449.49820000026375055 170778.80450000055134296, 578268.9973999997600913 170135.59860000014305115, 579729.60170000046491623 170287.09530000016093254)),((586672.99930000025779009 171595.30010000057518482, 585513.89960000012069941 170844.59559999965131283, 586012.49990000016987324 169985.80020000040531158, 587542.80020000040531158 169843.80040000006556511, 586672.99930000025779009 171595.30010000057518482)),((586911.89929999969899654 172676.20040000043809414, 585517.19759999960660934 172807.1039000004529953, 585063.89979999978095293 172086.89990000054240227, 587003.89979999978095293 171796.80000000074505806, 586911.89929999969899654 172676.20040000043809414)),((601886.39769999962300062 172603.20219999924302101, 600000.01109999977052212 172882.61270000040531158, 596457.00009999983012676 173407.40120000019669533, 591164.7017000000923872 175471.30130000039935112, 590275.10080000013113022 173025.00139999948441982, 590711.2455000001937151 171835.24469999969005585, 590106.49749999959021807 171319.19969999976456165, 589344.70010000001639128 171897, 590175.69830000028014183 170355.19569999910891056, 592427.79930000007152557 169091, 592638.80020000040531158 167043.29969999939203262, 595419.3006999995559454 167417.0965999998152256, 598066.10030000004917383 166559.90000000037252903, 599076.10159999970346689 166686.79580000042915344, 600000.00150000024586916 166347.87900000065565109, 601822.29999999981373549 165679.40010000020265579, 605447.49980000033974648 167814.09989999979734421, 601886.39769999962300062 172603.20219999924302101)),((596672.80020000040531158 191182.89990000054240227, 596117.39979999978095293 192362.80030000023543835, 594632.69900000002235174 191154.20099999941885471, 595752.69950000010430813 188887.40010000020265579, 596672.80020000040531158 191182.89990000054240227)),((600000.00339999981224537 189456.12219999916851521, 603038.80020000040531158 192243.60089999996125698, 604827.19670000020414591 195443.40430000051856041, 600000.00980000011622906 194651.68209999985992908, 599100.79980000015348196 194504.19979999959468842, 598661.00030000042170286 192375.09979999996721745, 596671.39659999962896109 192122.90469999983906746, 597310.1990999998524785 190790.79609999991953373, 595950.59690000023692846 188848.80189999938011169, 598787.49980000033974648 188343.89660000056028366, 600000.00339999981224537 189456.12219999916851521)),((592644.89969999995082617 206301.09979999996721745, 591951.30009999964386225 206745.39990000054240227, 590340.4007999999448657 206459.10060000047087669, 591595.80009999964386225 205851.5, 592644.89969999995082617 206301.09979999996721745)),((588609.30159999988973141 205703.99719999916851521, 588063.60230000037699938 207039.50489999912679195, 587323.40010000020265579 205680.19999999925494194, 588609.30159999988973141 205703.99719999916851521)),((603323.50360000040382147 212554.49640000052750111, 606753.39979999978095293 214534.09979999996721745, 607352.29959999956190586 215473.29959999956190586, 604677.90330000035464764 216389.49850000068545341, 602971.59609999973326921 216106.2994999997317791, 600011.80059999972581863 212979.10459999926388264, 600321.59970000013709068 212394.70109999924898148, 603323.50360000040382147 212554.49640000052750111)),((624822.89620000030845404 224336.00369999930262566, 624517.598000000230968 224328.09610000066459179, 623925.50370000023394823 224148.39739999920129776, 624874.79879999998956919 223412.79810000024735928, 624822.89620000030845404 224336.00369999930262566)),((624620.30119999963790178 225265.40010000020265579, 624162.30190000031143427 224558.00019999966025352, 624749.59759999997913837 224412.90169999934732914, 624620.30119999963790178 225265.40010000020265579)),((624248.80020000040531158 225587.19989999942481518, 622360.40149999968707561 225246.30340000055730343, 622150.00019999966025352 224528.39980000071227551, 623464.10089999996125698 223892.90090000070631504, 624248.80020000040531158 225587.19989999942481518)),((625698.80200000014156103 225163.49689999967813492, 624694.29899999964982271 225883.50029999949038029, 625318.62540000025182962 224881.56469999998807907, 625698.80200000014156103 225163.49689999967813492)),((592868.57230000011622906 343928.74349999986588955, 593069.65600000042468309 344267.41080000065267086, 594942.90969999972730875 344415.57780000008642673, 595609.66110000014305115 344860.07870000042021275, 592608.09850000031292439 346295.00339999981224537, 591691.3960999995470047 343888.00229999981820583, 592868.57230000011622906 343928.74349999986588955)),((581738.5059000002220273 346605.21869999915361404, 580695.90249999985098839 346718.68410000018775463, 579999.99380000028759241 346638.30230000056326389, 578807.00399999972432852 346500.5044999998062849, 579999.99700000043958426 346541.12570000067353249, 580233.03679999988526106 346549.06059999950230122, 580122.50349999964237213 345595.10380000062286854, 581239.10020000021904707 346376.79979999922215939, 582350.79719999991357327 345633.40269999951124191, 584801.40259999968111515 345877.50310000032186508, 581738.5059000002220273 346605.21869999915361404)),((497795.30009999964386225 422008.59979999996721745, 495485.79980000015348196 422529.60009999945759773, 496810.39969999995082617 421526.09970000013709068, 497795.30009999964386225 422008.59979999996721745)),((320895.00389999989420176 463915.6051000002771616, 320033.89900000020861626 464144.39980000071227551, 320220.20339999999850988 465641.40110000036656857, 319999.9834000002592802 465842.46040000021457672, 318250.20010000001639128 467440.00019999966025352, 318671.40160000044852495 468913.30450000055134296, 317416.90010000020265579 472767.40069999918341637, 318315.99949999991804361 473474.5989999994635582, 316713.49639999959617853 472634.49919999949634075, 317158.7997000003233552 468686.60029999911785126, 320000.01059999968856573 463567.99200000055134296, 320892.39979999978095293 461960.30030000023543835, 323289.50079999957233667 461869.60019999928772449, 323317.69990000035613775 462780.30000000074505806, 323221.59989999979734421 462008.09979999996721745, 322946.79980000015348196 462790.40029999986290932, 321213.30009999964386225 462418.40029999986290932, 320895.00389999989420176 463915.6051000002771616)),((413981.29899999964982271 643594.30130000039935112, 412837.99710000026971102 643768.602700000628829, 409218.80030000023543835 643582.2000999990850687, 410010.303999999538064 642814.2959000002592802, 411694.80289999954402447 643229.69700000062584877, 412526.30080000031739473 641659.79629999957978725, 414008.79980000015348196 641602.69979999959468842, 413981.29899999964982271 643594.30130000039935112)))